Flu season (2013-14),inc,0,1,1,2,2,3,4,5,7,8,10,12,13,15,17,18,20,21,23,24,26,28,29,31,32,34,35,37,39,40,42,44,46,48,50,52,54,56,59,61,63,66,68,70,72,75,77,80,83,86,89,93,97,101,105,110,114,119,123,128,133,138,143,149,154,160,166,173,180,187,195,204,213,223,233,245,257,270,283,298,313,330,350,371,395,420,448,477,510,545,584,625,669,716,766,818,873,929,988,1049,1113,1178,1244,1310,1377,1444,1511,1578,1646,1713,1779,1845,1910,1975,2038,2102,2164,2224,2284,2343,2400,2456,2511,2565,2617,2667,2717,2765,2811,2856,2900,2943,2986,3027,3068,3107,3146,3183,3219,3254,3288,3320,3352,3381,3410,3438,3465,3491,3516,3540,3563,3585,3607,3628,3648,3667,3686,3703,3721,3737,3753,3768,3783,3797,3810,3823,3836,3848,3859,3871,3882,3892,3903,3913,3923,3933,3942,3952,3961,3970,3979,3988,3996,4005,4013,4020,4029,4037,4046,4055,4065,4075,4085,4095,4105,4114,4122,4131,4139,4146,4154,4161,4169,4177,4184,4192,4200,4208,4215,4223,4231,4238,4246,4253,4261,4268,4274,4281,4287,4293,4298,4304,4309,4314,4318,4322,4327,4330,4334,4338,4342,4345,4349,4352,4356,4359,4362,4365,4368,4370,4372,4375,4377,4379,4382,4384,4387,4390,4392,4395,4398,4400,4403,4405,4407,4410,4412,4413,4415,4417,4418,4419,4420,4421,4422,4423,4423,4424,4424,4425,4425,4426,4426,4427,4428,4429,4429,4430,4431,4432,4432,4433,4434,4434,4435,4436,4436,4437,4438,4439,4440,4441,4442,4443,4443,4444,4444,4445,4445,4446,4446,4447,4447,4448,4449,4449,4450,4451,4451,4451,4451,4452,4452,4452,4452,4453,4454,4454,4455,4456,4456,4457,4458,4459,4460,4460,4461,4462,4463,4464,4464,4465,4466,4466,4467,4468,4468,4468,4468,4469,4469,4469,4469,4470,4470,4471,4471,4472,4473,4473,4474,4475,4476,4476,4477,4478,4479,4480,4481,4482,4482,4483,4484,4484,4485,4485,4485,4485,4485,4485,4485,
Flu season (2014-15),inc,1,2,3,3,4,5,6,7,8,9,11,12,13,15,16,18,20,21,23,25,27,28,30,32,33,35,37,39,41,43,45,48,50,52,54,56,58,60,61,63,65,67,69,71,74,76,79,82,86,89,93,97,102,106,111,117,122,128,135,141,149,157,166,175,185,197,208,222,237,255,273,294,316,341,368,398,431,466,505,547,591,640,693,749,810,875,944,1018,1101,1195,1298,1413,1537,1672,1816,1963,2111,2261,2413,2567,2722,2879,3034,3186,3336,3483,3628,3770,3911,4045,4174,4298,4416,4528,4635,4737,4836,4932,5026,5117,5206,5292,5375,5457,5536,5613,5689,5762,5833,5901,5969,6034,6099,6161,6222,6282,6339,6395,6448,6498,6546,6591,6634,6674,6713,6751,6788,6823,6857,6890,6921,6952,6982,7012,7041,7069,7097,7124,7150,7176,7201,7225,7249,7272,7294,7316,7338,7359,7380,7400,7421,7440,7460,7479,7498,7516,7534,7552,7569,7586,7602,7618,7634,7649,7663,7678,7692,7706,7720,7734,7749,7763,7777,7791,7804,7817,7829,7841,7852,7863,7873,7884,7894,7903,7913,7922,7931,7940,7948,7956,7964,7972,7979,7987,7993,8000,8005,8011,8016,8020,8024,8028,8032,8035,8039,8042,8045,8049,8052,8054,8057,8060,8062,8064,8066,8068,8070,8072,8075,8077,8080,8082,8085,8087,8089,8091,8093,8094,8096,8097,8099,8100,8102,8103,8105,8106,8108,8109,8110,8112,8113,8114,8114,8115,8116,8117,8117,8118,8119,8119,8120,8121,8121,8122,8123,8124,8124,8125,8126,8127,8128,8129,8130,8131,8132,8133,8134,8135,8136,8137,8138,8139,8140,8141,8141,8142,8142,8143,8143,8144,8144,8145,8145,8146,8146,8147,8147,8148,8149,8149,8150,8150,8151,8152,8152,8153,8154,8155,8157,8158,8159,8160,8161,8162,8163,8163,8164,8165,8166,8167,8167,8168,8169,8170,8170,8171,8171,8172,8172,8173,8173,8174,8174,8174,8175,8175,8176,8176,8177,8177,8178,8179,8180,8180,8181,8182,8183,8184,8185,8186,8188,8189,8190,8191,8192,8193,8194,8194,8195,8196,8197,
Flu season (2015-16),inc,2,4,6,8,10,12,13,15,16,17,18,19,21,22,24,26,28,30,32,35,37,39,42,44,47,49,52,54,57,60,63,65,68,71,73,76,78,80,82,84,86,88,90,92,94,95,97,99,101,103,105,107,109,111,113,116,119,121,124,128,131,134,137,140,143,146,148,151,155,158,161,165,168,172,175,179,182,184,187,189,192,194,197,200,203,207,211,216,220,225,229,234,238,243,247,252,256,261,265,270,274,278,283,287,292,297,301,306,312,317,323,329,335,342,348,356,363,371,378,386,395,403,412,421,431,442,453,465,478,491,506,521,538,556,574,594,616,638,660,684,708,733,759,786,814,844,875,907,941,976,1013,1050,1089,1128,1167,1208,1249,1291,1334,1378,1424,1471,1518,1567,1618,1667,1714,1761,1807,1851,1894,1937,1978,2020,2061,2102,2143,2184,2224,2264,2303,2341,2379,2416,2452,2488,2522,2556,2588,2620,2650,2679,2707,2734,2760,2785,2809,2832,2854,2876,2896,2917,2936,2956,2975,2993,3012,3029,3046,3062,3077,3091,3105,3118,3131,3143,3155,3167,3178,3189,3199,3209,3218,3226,3233,3240,3246,3250,3255,3260,3265,3269,3273,3278,3282,3286,3290,3293,3297,3300,3302,3305,3307,3310,3312,3314,3317,3319,3322,3324,3327,3329,3332,3334,3337,3339,3342,3344,3346,3348,3350,3352,3354,3356,3357,3359,3360,3362,3363,3365,3366,3368,3369,3370,3372,3373,3375,3376,3377,3379,3380,3381,3382,3382,3383,3384,3385,3386,3386,3387,3388,3389,3389,3390,3391,3391,3392,3393,3394,3394,3395,3395,3396,3396,3396,3396,3397,3397,3397,3398,3398,3398,3398,3399,3399,3400,3400,3401,3402,3403,3403,3404,3405,3406,3407,3407,3408,3409,3410,3411,3411,3412,3413,3414,3414,3415,3416,3416,3417,3418,3419,3419,3420,3421,3422,3423,3425,3426,3427,3428,3429,3431,3432,3433,3434,3436,3437,3439,3440,3442,3443,3445,3446,3447,3447,3448,3448,3448,3448,3448,3448,
Flu season (2016-17),inc,3,5,8,10,13,15,17,19,21,23,24,26,27,29,30,31,32,33,34,36,37,39,41,43,46,48,51,53,55,58,60,62,64,67,69,72,74,77,80,82,85,87,88,90,91,92,93,95,97,99,102,104,108,111,115,118,123,127,132,136,141,146,151,156,160,165,170,175,180,186,191,197,204,210,218,226,236,246,257,269,283,297,313,330,348,368,389,412,437,465,495,528,564,603,644,687,732,778,825,875,926,978,1031,1084,1137,1190,1243,1296,1349,1402,1455,1508,1561,1614,1666,1719,1771,1823,1874,1925,1976,2026,2077,2128,2181,2235,2291,2348,2407,2466,2529,2594,2661,2732,2804,2880,2957,3037,3117,3198,3281,3365,3450,3537,3622,3705,3787,3868,3947,4025,4101,4176,4250,4322,4394,4464,4532,4600,4665,4729,4790,4850,4907,4963,5017,5069,5121,5171,5220,5268,5315,5360,5406,5452,5499,5545,5592,5640,5687,5733,5778,5822,5864,5905,5944,5982,6019,6054,6089,6122,6154,6185,6215,6244,6271,6298,6324,6349,6373,6397,6418,6438,6457,6474,6490,6505,6517,6530,6541,6553,6563,6573,6583,6592,6601,6609,6617,6625,6633,6640,6648,6655,6662,6669,6677,6684,6692,6699,6706,6713,6718,6724,6728,6732,6736,6739,6743,6746,6749,6753,6756,6759,6762,6765,6768,6771,6774,6776,6779,6781,6784,6786,6789,6791,6794,6797,6799,6802,6805,6807,6809,6811,6814,6816,6818,6819,6821,6823,6824,6826,6827,6829,6831,6833,6835,6838,6840,6843,6845,6846,6848,6849,6850,6850,6851,6852,6853,6854,6855,6856,6858,6859,6860,6861,6862,6863,6863,6864,6864,6865,6865,6866,6866,6867,6867,6868,6869,6869,6870,6871,6872,6872,6873,6874,6876,6877,6878,6880,6881,6883,6884,6886,6887,6888,6889,6890,6891,6892,6893,6894,6895,6896,6897,6898,6899,6901,6902,6904,6905,6907,6908,6910,6911,6913,6914,6915,6916,6917,6919,6920,6922,6924,6926,6928,6930,6933,6935,6938,6940,6943,6946,6948,6950,6952,6953,6954,6954,6954,6954,6954,6954,
Flu season (2017-18),inc,2,5,7,9,11,14,16,19,21,24,26,29,32,35,39,42,46,50,54,58,61,65,68,72,75,79,83,87,91,96,100,106,111,116,122,128,134,140,147,153,160,167,173,180,187,195,202,209,216,223,230,237,243,251,259,268,278,288,300,311,324,337,351,366,381,398,414,432,451,471,491,513,536,559,587,618,654,693,737,784,835,893,957,1027,1104,1187,1277,1372,1478,1594,1720,1857,2003,2159,2326,2500,2681,2870,3067,3271,3483,3703,3924,4147,4372,4599,4827,5058,5290,5519,5744,5965,6183,6397,6608,6814,7019,7223,7424,7624,7822,8018,8212,8404,8594,8781,8965,9148,9328,9505,9682,9857,10030,10203,10374,10543,10712,10874,11031,11182,11327,11466,11599,11727,11851,11972,12090,12205,12317,12425,12531,12631,12727,12819,12905,12987,13064,13137,13208,13278,13346,13414,13480,13544,13608,13669,13729,13786,13841,13895,13946,13995,14043,14090,14136,14180,14223,14265,14305,14346,14387,14429,14471,14513,14556,14598,14640,14679,14716,14752,14786,14819,14849,14879,14907,14934,14959,14983,15007,15028,15050,15070,15090,15109,15127,15145,15162,15179,15195,15211,15227,15243,15258,15274,15288,15301,15313,15323,15333,15342,15349,15357,15364,15371,15378,15384,15390,15397,15402,15408,15413,15418,15422,15426,15430,15434,15437,15441,15445,15448,15452,15456,15459,15463,15466,15468,15471,15473,15475,15477,15479,15481,15483,15485,15487,15489,15491,15493,15494,15496,15497,15498,15499,15500,15501,15502,15503,15505,15506,15507,15508,15510,15511,15512,15514,15515,15517,15518,15519,15520,15521,15522,15523,15524,15525,15525,15526,15527,15528,15529,15531,15532,15533,15534,15536,15538,15539,15541,15542,15544,15545,15546,15547,15548,15548,15549,15550,15551,15552,15553,15554,15556,15557,15558,15559,15560,15561,15562,15563,15564,15565,15566,15567,15568,15569,15571,15572,15573,15575,15576,15577,15578,15578,15579,15580,15581,15582,15583,15584,15584,15585,15586,15587,15588,15589,15590,15592,15593,15594,15595,15597,15598,15600,15601,15603,15605,15606,15608,15610,15612,15614,15616,15617,15618,15619,15620,15620,15620,15620,15620,15620,
Flu season (2018-19),inc,1,3,4,6,7,9,10,12,13,15,17,19,21,23,25,27,30,32,35,38,41,44,47,50,54,57,61,64,68,71,75,78,82,86,90,94,98,102,106,110,114,119,122,126,130,134,138,142,146,150,154,158,163,167,172,177,182,187,192,198,204,210,216,223,230,238,246,254,262,269,277,284,292,299,307,316,326,336,347,359,371,385,400,415,432,450,469,490,511,534,559,584,612,640,671,702,734,767,801,836,872,909,946,982,1018,1054,1090,1125,1161,1196,1233,1270,1307,1345,1384,1424,1464,1506,1548,1592,1636,1682,1728,1776,1824,1873,1923,1973,2024,2077,2131,2188,2247,2309,2373,2440,2508,2577,2646,2714,2782,2850,2918,2986,3054,3124,3194,3265,3337,3410,3484,3558,3633,3708,3784,3861,3938,4016,4093,4169,4245,4320,4394,4468,4541,4613,4685,4756,4826,4896,4965,5034,5102,5169,5237,5304,5370,5436,5502,5565,5626,5684,5740,5794,5845,5893,5941,5988,6034,6080,6125,6169,6212,6253,6292,6330,6364,6397,6428,6457,6485,6512,6537,6563,6587,6610,6632,6653,6673,6692,6709,6726,6741,6754,6768,6780,6792,6804,6815,6825,6835,6844,6853,6862,6870,6878,6885,6893,6899,6906,6912,6917,6922,6927,6931,6935,6940,6944,6948,6952,6956,6961,6965,6968,6972,6976,6979,6982,6985,6988,6991,6993,6996,6998,7001,7003,7005,7008,7010,7012,7014,7016,7017,7019,7021,7023,7025,7027,7029,7032,7034,7036,7038,7040,7042,7044,7045,7047,7049,7051,7052,7054,7056,7057,7059,7060,7061,7063,7064,7065,7065,7066,7067,7068,7069,7070,7071,7073,7074,7075,7076,7077,7078,7079,7079,7080,7081,7082,7083,7084,7085,7086,7087,7088,7089,7090,7091,7092,7094,7095,7096,7097,7098,7099,7100,7100,7101,7103,7104,7105,7107,7109,7110,7112,7114,7116,7118,7119,7121,7123,7125,7127,7128,7131,7133,7135,7137,7139,7142,7144,7146,7148,7150,7153,7155,7157,7159,7161,7163,7165,7168,7169,7171,7172,7173,7174,7174,7174,7174,7174,7174,
Flu season (2019-20),inc,2,5,7,9,11,14,16,18,21,23,25,27,30,32,35,37,40,42,45,48,51,55,59,63,67,71,76,80,84,89,93,98,102,107,111,115,120,124,129,133,138,143,148,153,159,164,170,176,182,189,196,202,210,217,225,233,241,250,259,269,279,290,301,313,326,339,354,368,383,397,413,428,444,459,476,492,509,526,544,562,580,600,621,644,668,694,721,750,783,821,863,910,961,1017,1077,1138,1200,1263,1327,1392,1457,1524,1590,1656,1722,1787,1852,1917,1982,2047,2113,2180,2247,2315,2383,2453,2522,2590,2659,2727,2795,2863,2931,2999,3068,3138,3208,3279,3351,3423,3496,3570,3644,3719,3795,3871,3948,4025,4103,4181,4259,4337,4416,4494,4575,4657,4740,4825,4912,5000,5089,5178,5267,5356,5443,5531,5618,5705,5791,5878,5964,6050,6136,6221,6307,6391,6473,6554,6634,6712,6789,6864,6937,7009,7078,7145,7210,7273,7335,7396,7458,7521,7583,7647,7710,7775,7839,7903,7967,8032,8096,8161,8225,8286,8342,8394,8442,8485,8524,8560,8592,8623,8651,8677,8701,8723,8742,8760,8776,8790,8802,8813,8821,8829,8835,8842,8847,8853,8858,8862,8866,8870,8873,8875,8878,8879,8881,8881,8882,8883,8883,8884,8884,8884,8884,8884,8884,8884,8884,8884,8884,8884,8884,8884,8884,8884,8884,8884,8884,8884,8884,8884,8884,8884,8884,8884,8884,8884,8884,8884,8884,8884,8884,8884,8884,8884,8884,8884,8884,8884,8884,8884,8884,8884,8884,8884,8884,8884,8884,8884,8884,8884,8884,8884,8884,8884,8884,8884,8884,8884,8884,8884,8884,8884,8884,8884,8884,8884,8884,8884,8884,8884,8884,8884,8884,8884,8884,8884,8884,8884,8884,8884,8884,8884,8884,8884,8884,8884,8884,8884,8884,8884,8884,8884,8884,8884,8884,8884,8884,8884,8884,8884,8884,8884,8884,8884,8884,8884,8884,8884,8884,8884,8884,8884,8884,8884,8884,8884,8884,8884,8884,8884,8884,8884,8884,8884,8884,8884,8884,8884,8884,8884,8884,8884,8884,8884,8884,8884,8884,8884,8884,
COVID-19 (2019-20),inc,0,0,0,0,0,0,0,0,0,0,0,0,0,0,0,0,0,0,0,0,0,0,0,0,0,0,0,0,0,0,0,0,0,0,0,0,0,0,0,0,0,0,0,0,0,0,0,0,0,0,0,0,0,0,0,0,0,0,0,0,0,0,0,0,0,0,0,0,0,0,0,0,0,0,0,0,0,0,0,0,0,0,0,0,0,0,0,0,0,0,0,0,0,0,0,0,0,0,0,0,0,0,0,0,0,0,0,0,0,0,0,0,0,0,0,0,0,0,0,0,0,0,0,0,0,0,0,0,0,0,0,0,0,0,0,0,0,0,0,0,0,0,0,0,0,0,0,0,0,0,0,1,1,6,9,11,12,15,19,22,26,30,38,40,47,57,72,94,121,171,240,312,377,515,696,967,1276,1640,2143,2798,3305,4130,5229,6499,7714,9007,10595,12028,13547,15835,18055,20213,22508,24582,26353,28104,30737,33443,35708,38323,40254,41855,43845,46604,49030,51453,53467,55586,56769,58203,60757,63229,65520,67496,69236,70419,71769,74195,76784,78972,80716,82185,83423,84509,86425,88297,90102,91767,93025,93919,94950,96541,97989,99446,100780,101822,102452,103108,103887,105449,106693,107933,108974,109646,110350,111497,112610,113664,114653,115387,115789,116373,117475,118484,119402,120184,120908,121253,121678,122546,123377,124141,124878,125469,125749,126121,126999,127819,128477,129142,129675,129976,130334,131066,131761,132449,133079,133361,133640,134046,135055,135970,136941,137812,138571,138974,139457,140427,141452,142444,143421,144250,144688,145238,146439,147687,148879,150068,151008,151491,152099,153440,154917,156797,158261,159326,159773,160397,161824,163168,164380,165721,166772,167321,167881,169394,170825,172146,173330,174456,174995,175586,176978,178270,179364,180508,181502,181964,182464,183758,185066,186227,187341,188308,188690,189217,190391,191505,192636,193689,194399,194856,195178,195654,196865,197935,199024,199733,200157,200630,201833,202847,203744,204702,205378,205695,206087,207069,208198,209127,210006,210751,211046,211412,212392,213339,214241,215126,215869,216210,216646,217464,218408,219338,220256,220990,221341,221700,222572,223553,224438,225409,226075,226580,227046,228015,229257,230230,231105,231905,232366,232908,233963,235017,236086,237049,238011,238506,239110,240351,241664,242923,244248,245375,246024,246787,248322,249838,251126,252603,253970,254755,255615,257337,259411,261534,263601,265255,266241,267340,269633,272034,273570,275058,276439,277394,278753,281572,284582,287584,290368,292801,294053,295727,298800,302195,305407,308542,311025,312609,314402,317577,321333,324822,327758,330591,332264,334363,337825,341343,344408,346024,347639,349024,351113,354918,358922,362637,365015,367208,368683,370655,374489,378639,382828,386881,390211,392120,394238,398728,402817,406996,410871,414474,416415,418000,420914,425355,429743,433725,437235,439167,441089,445215,449458,453412,457178,460071,461989,463878,467515,471501,475066,478606,481428,482828,484349,487615,491010,494246,497261,499608,500744,501719,503550,506104,508848,511535,513456,514714,516114,518544,521048,523495,525747,527347,528678,530133,532247,534644,536708,538567,540208,541037,541933,543462,545149,546774,548322,549440,550146,551006,552161,553549,554940,556187,557008,557504,558183,559210,560608,561865,563163,564018,564581,565270,566162,567320,568299,569298,570127,570427,570946,571820,572747,573777,574712,575445,575770,576268,577099,578056,578972,579873,580633,580941,581445,582333,583246,584178,584989,585739,586030,586502,587385,588371,589262,590046,590759,591069,591514
Drowning (annual),est,10,20,30,40,50,59,69,78,87,96,105,114,123,131,140,148,156,164,172,180,188,196,203,211,218,225,232,239,246,253,259,266,272,279,285,291,297,303,309,315,320,326,331,337,342,347,352,357,362,367,372,376,381,386,390,394,399,403,407,411,415,419,423,427,431,435,438,442,446,449,453,456,460,463,466,470,473,476,480,483,486,489,492,495,498,502,505,508,511,514,517,520,523,526,529,532,535,538,541,544,548,551,554,557,560,564,567,570,574,577,580,584,587,591,594,598,602,605,609,613,617,621,625,629,633,637,642,646,650,655,660,664,669,674,679,684,689,694,699,704,710,715,721,727,732,738,744,750,756,763,769,776,782,789,796,803,810,817,824,831,839,846,854,862,870,878,886,894,903,911,920,929,938,947,956,965,974,984,993,1003,1013,1023,1033,1043,1054,1064,1075,1085,1096,1107,1118,1130,1141,1152,1164,1176,1187,1199,1211,1223,1236,1248,1261,1273,1286,1299,1312,1325,1338,1351,1365,1378,1392,1406,1419,1433,1447,1462,1476,1490,1505,1519,1534,1549,1563,1578,1593,1608,1624,1639,1654,1670,1685,1701,1716,1732,1748,1764,1780,1796,1812,1828,1844,1861,1877,1893,1910,1926,1943,1960,1976,1993,2010,2027,2044,2060,2077,2094,2111,2128,2146,2163,2180,2197,2214,2231,2249,2266,2283,2300,2317,2335,2352,2369,2387,2404,2421,2438,2456,2473,2490,2507,2525,2542,2559,2576,2593,2610,2627,2644,2661,2678,2695,2712,2729,2746,2763,2779,2796,2813,2829,2846,2862,2878,2895,2911,2927,2943,2959,2975,2991,3007,3023,3039,3054,3070,3085,3101,3116,3131,3146,3162,3176,3191,3206,3221,3235,3250,3264,3279,3293,3307,3321,3335,3349,3362,3376,3389,3403,3416,3429,3442,3455,3468,3480,3493,3505,3518,3530,3542,3554,3566,3578,3589,3601,3612,3623,3634,3645,3656,3667,3678,3688,3699,3709,
Car crashes (annual),inc,110,220,331,441,551,661,772,882,992,1102,1212,1323,1433,1543,1653,1764,1874,1984,2094,2204,2315,2425,2535,2645,2756,2866,2976,3086,3196,3307,3417,3527,3637,3748,3858,3968,4078,4188,4299,4409,4519,4629,4740,4850,4960,5070,5180,5291,5401,5511,5621,5732,5842,5952,6062,6172,6283,6393,6503,6613,6724,6834,6944,7054,7164,7275,7385,7495,7605,7716,7826,7936,8046,8156,8267,8377,8487,8597,8708,8818,8928,9038,9148,9259,9369,9479,9589,9700,9810,9920,10030,10140,10251,10361,10471,10581,10692,10802,10912,11022,11132,11243,11353,11463,11573,11684,11794,11904,12014,12124,12235,12345,12455,12565,12676,12786,12896,13006,13116,13227,13337,13447,13557,13668,13778,13888,13998,14108,14219,14329,14439,14549,14660,14770,14880,14990,15100,15211,15321,15431,15541,15652,15762,15872,15982,16092,16203,16313,16423,16533,16644,16754,16864,16974,17084,17195,17305,17415,17525,17636,17746,17856,17966,18076,18187,18297,18407,18517,18628,18738,18848,18958,19068,19179,19289,19399,19509,19620,19730,19840,19950,20060,20171,20281,20391,20501,20611,20722,20832,20942,21052,21163,21273,21383,21493,21603,21714,21824,21934,22044,22155,22265,22375,22485,22595,22706,22816,22926,23036,23147,23257,23367,23477,23587,23698,23808,23918,24028,24139,24249,24359,24469,24579,24690,24800,24910,25020,25131,25241,25351,25461,25571,25682,25792,25902,26012,26123,26233,26343,26453,26563,26674,26784,26894,27004,27115,27225,27335,27445,27555,27666,27776,27886,27996,28107,28217,28327,28437,28547,28658,28768,28878,28988,29099,29209,29319,29429,29539,29650,29760,29870,29980,30091,30201,30311,30421,30531,30642,30752,30862,30972,31083,31193,31303,31413,31523,31634,31744,31854,31964,32075,32185,32295,32405,32515,32626,32736,32846,32956,33067,33177,33287,33397,33507,33618,33728,33838,33948,34059,34169,34279,34389,34499,34610,34720,34830,34940,35051,35161,35271,35381,35491,35602,35712,35822,35932,36043,36153,36263,36373,36483,36594,36704,36814,36924,37035,37145,37255,37365,37475,37586,37696,37806,37916,38027,38137,38247,38357,38467,38578,38688,38798,38908,39019,39129,39239,39349,39459,39570,39680,39790,39900,40011,40121,40231,
COVID-19 (2020-21),903,1818,2551,2924,3361,4167,5107,6039,6997,7739,8108,8470,9297,10253,11136,12106,12800,13330,13812,14763,15990,16956,17848,18708,19188,19760,20794,21857,22925,23908,24907,25432,26045,27272,28629,29883,31199,32352,33082,33872,35401,36939,38292,39792,41202,42030,42932,44612,46750,48902,51000,52677,53682,54854,57085,59518,61098,62671,64018,64976,66377,69127,72115,75113,77950,80388,81666,83366,86428,89841,93065,96214,98748,100378,102219,105403,109131,112604,115636,118470,120159,122291,125657,129173,132244,133856,135461,136847,138960,142722,146764,150469,152909,155127,156584,158556,162380,166482,170670,174748,178075,180047,182170,186633,190762,194982,198837,202309,204262,205835,208730,213071,217443,221432,224926,226865,228794,232894,237227,241258,245022,247878,249910,251865,255526,259612,263242,266888,269847,271257,272796,276081,279495,282770,285835,288226,289361,290359,292134,294644,297359,300050,301927,303235,304634,307033,309545,311997,314297,315938,317287,318768,320859,323238,325289,327164,328819,329652,330545,332033,333720,335340,336883,337965,338668,339530,340681,342050,343433,344686,345526,346028,346710,347752,349174,350432,351749,352620,353197,353905,354817,355950,356933,357925,358739,359047,359580,360463,361354,362388,363305,364030,364361,364861,365687,366635,367549,368446,369213,369534,370040,370920,371846,372770,373559,374300,374609,375081,375958,376938,377832,378617,379347,379692,380152,381005,381768,382647,383403,384037,384318,384704,385422,386256,387033,387783,388316,388655,389058,389789,390478,391180,391816,392356,392644,393012,393690,394341,395014,395634,396023,396211,396367,396658,397171,397774,398330,398763,398991,399355,399773,400276,400758,401151,401506,401661,401906,402249,402682,403053,403437,403643,403764,403977
Flu season (2013-14),est,4,7,11,15,20,26,35,45,56,69,84,98,112,126,140,154,167,180,194,207,220,234,247,260,274,287,301,315,329,343,357,372,387,403,420,438,457,477,497,518,538,557,576,595,614,632,652,675,700,727,756,788,822,857,892,929,966,1004,1043,1083,1125,1168,1212,1259,1306,1356,1406,1462,1522,1586,1655,1728,1806,1888,1977,2073,2176,2285,2401,2524,2653,2800,2964,3145,3344,3560,3793,4044,4319,4619,4944,5293,5668,6066,6490,6933,7394,7874,8373,8891,9428,9983,10541,11102,11666,12231,12800,13371,13945,14513,15076,15633,16184,16730,17271,17806,18331,18846,19352,19847,20333,20809,21275,21729,22171,22600,23018,23423,23817,24198,24572,24938,25296,25647,25990,26326,26654,26971,27278,27574,27859,28133,28397,28650,28894,29131,29359,29579,29790,29993,30188,30377,30559,30735,30905,31069,31227,31378,31524,31664,31799,31928,32051,32170,32282,32391,32497,32600,32700,32796,32889,32978,33066,33153,33237,33321,33403,33483,33562,33638,33714,33787,33859,33929,33997,34064,34133,34206,34281,34360,34441,34525,34612,34696,34777,34854,34928,34999,35066,35130,35195,35259,35324,35389,35454,35519,35584,35649,35714,35779,35844,35908,35973,36037,36098,36158,36215,36269,36321,36371,36418,36463,36506,36547,36586,36623,36658,36690,36723,36754,36785,36816,36846,36876,36905,36932,36958,36982,37005,37027,37046,37064,37083,37103,37124,37146,37168,37191,37216,37239,37261,37283,37304,37324,37343,37361,37378,37393,37407,37420,37431,37441,37449,37457,37464,37471,37476,37481,37486,37489,37493,37498,37503,37509,37515,37522,37529,37536,37543,37549,37555,37560,37565,37570,37576,37582,37588,37595,37602,37610,37619,37627,37634,37640,37646,37651,37655,37659,37663,37667,37672,37677,37682,37688,37694,37699,37704,37708,37711,37714,37716,37717,37719,37721,37725,37729,37733,37739,37745,37751,37757,37764,37771,37777,37785,37792,37799,37806,37813,37819,37826,37832,37838,37843,37848,37852,37855,37858,37860,37861,37863,37865,37868,37871,37875,37879,37884,37889,37895,37900,37907,37913,37920,37927,37935,37942,37949,37956,37964,37971,37978,37984,37990,37994,37997,37999,38000,38000,38000,38000,38000,
Flu season (2014-15),est,5,11,16,21,27,33,39,45,52,59,66,74,82,91,101,111,122,133,145,156,166,177,187,197,207,218,229,241,254,267,282,297,311,325,338,350,361,372,381,392,404,416,429,444,459,475,492,512,533,555,579,605,633,662,694,727,762,799,838,879,925,975,1030,1090,1154,1223,1297,1381,1477,1584,1701,1829,1969,2119,2287,2474,2679,2901,3142,3402,3679,3982,4310,4663,5042,5446,5876,6331,6850,7432,8079,8789,9563,10400,11301,12213,13136,14070,15014,15970,16936,17913,18874,19821,20753,21670,22572,23459,24331,25168,25971,26740,27474,28174,28840,29471,30086,30685,31269,31836,32388,32924,33444,33951,34445,34925,35393,35848,36289,36717,37136,37545,37944,38333,38713,39083,39443,39787,40116,40429,40726,41008,41274,41525,41768,42003,42231,42450,42662,42866,43063,43255,43443,43628,43808,43984,44156,44324,44488,44647,44803,44954,45101,45244,45383,45519,45653,45786,45916,46044,46169,46293,46414,46533,46650,46764,46876,46986,47094,47198,47300,47399,47496,47589,47680,47768,47856,47945,48033,48121,48210,48299,48388,48473,48556,48635,48712,48785,48854,48921,48986,49050,49112,49172,49231,49289,49345,49399,49452,49503,49552,49600,49646,49691,49732,49771,49807,49841,49871,49899,49924,49948,49971,49994,50016,50037,50057,50077,50095,50113,50129,50145,50159,50173,50185,50198,50211,50225,50240,50255,50270,50286,50301,50315,50328,50340,50351,50361,50370,50379,50388,50397,50407,50416,50426,50436,50445,50453,50461,50468,50475,50481,50486,50491,50496,50501,50505,50509,50513,50516,50520,50524,50529,50533,50538,50543,50548,50554,50560,50565,50571,50577,50583,50589,50596,50602,50608,50614,50620,50627,50633,50639,50644,50649,50653,50656,50660,50662,50665,50668,50671,50674,50677,50681,50684,50688,50692,50695,50699,50702,50706,50709,50713,50718,50723,50729,50735,50741,50748,50755,50762,50768,50774,50780,50786,50791,50796,50801,50806,50811,50816,50820,50825,50829,50833,50837,50840,50843,50846,50849,50852,50854,50857,50860,50862,50865,50868,50871,50874,50878,50882,50887,50892,50897,50902,50908,50914,50921,50927,50934,50941,50948,50955,50961,50967,50973,50979,50984,50989,50995,51000,
Flu season (2015-16),est,13,27,40,53,66,77,88,97,106,113,120,128,137,147,159,172,186,201,216,232,248,263,279,295,312,328,345,363,380,399,417,436,455,472,489,505,519,534,547,560,573,586,599,612,624,637,649,662,675,687,701,714,727,742,757,774,791,810,830,851,872,892,912,932,952,971,990,1010,1031,1052,1075,1098,1122,1146,1170,1191,1212,1231,1248,1264,1278,1294,1313,1334,1357,1382,1409,1439,1469,1498,1528,1558,1589,1619,1650,1680,1710,1739,1769,1798,1827,1855,1885,1915,1946,1978,2011,2044,2078,2115,2153,2193,2235,2278,2324,2372,2421,2472,2524,2577,2633,2689,2747,2810,2877,2948,3023,3103,3188,3276,3372,3476,3587,3706,3832,3965,4106,4253,4404,4561,4723,4891,5064,5242,5430,5627,5834,6050,6276,6511,6756,7006,7261,7521,7786,8056,8331,8612,8900,9195,9499,9810,10129,10456,10790,11117,11436,11748,12052,12348,12637,12918,13197,13475,13751,14025,14297,14567,14836,15101,15361,15616,15868,16115,16357,16595,16826,17050,17266,17475,17676,17870,18057,18237,18411,18578,18739,18893,19041,19182,19320,19455,19588,19717,19844,19968,20089,20205,20316,20422,20524,20620,20712,20799,20883,20965,21045,21122,21198,21270,21341,21406,21466,21520,21569,21612,21650,21682,21714,21745,21776,21806,21836,21865,21894,21920,21946,21969,21990,22010,22028,22044,22060,22077,22093,22109,22125,22141,22158,22174,22190,22207,22224,22241,22258,22275,22291,22307,22321,22335,22348,22361,22372,22383,22394,22405,22415,22425,22435,22444,22454,22463,22473,22483,22492,22502,22511,22520,22529,22536,22544,22551,22557,22563,22568,22574,22579,22584,22589,22594,22599,22604,22608,22613,22618,22623,22627,22632,22637,22640,22644,22647,22650,22652,22654,22656,22658,22660,22662,22664,22666,22667,22670,22672,22676,22679,22683,22687,22692,22697,22702,22707,22713,22718,22724,22729,22735,22740,22746,22751,22756,22761,22766,22770,22775,22780,22785,22789,22794,22799,22804,22810,22816,22822,22829,22836,22844,22851,22859,22867,22876,22884,22892,22901,22910,22919,22928,22938,22948,22958,22969,22978,22985,22991,22996,22999,23000,23000,23000,23000,23000,
Flu season (2016-17),est,14,28,42,56,69,82,94,105,115,124,133,141,149,156,163,169,175,180,187,195,203,213,224,237,250,263,276,289,302,314,327,340,352,366,379,393,407,422,436,450,462,473,482,490,497,503,510,519,529,541,555,571,588,606,626,647,670,694,719,746,772,798,824,851,877,902,928,955,984,1014,1046,1079,1113,1149,1190,1236,1288,1344,1406,1472,1544,1623,1709,1803,1904,2012,2127,2250,2387,2539,2706,2887,3083,3294,3520,3754,3998,4250,4510,4780,5059,5346,5634,5922,6211,6501,6791,7081,7372,7663,7953,8242,8530,8818,9105,9392,9677,9960,10241,10520,10798,11073,11347,11629,11918,12215,12519,12831,13151,13478,13819,14174,14543,14927,15324,15735,16161,16593,17032,17477,17930,18388,18854,19326,19791,20247,20696,21136,21569,21994,22411,22821,23224,23620,24009,24391,24767,25135,25493,25840,26176,26502,26817,27121,27415,27702,27982,28257,28525,28787,29042,29291,29542,29794,30048,30303,30560,30818,31078,31331,31576,31813,32043,32266,32481,32689,32890,33084,33273,33454,33630,33799,33961,34118,34270,34417,34559,34696,34827,34954,35072,35183,35285,35380,35466,35544,35614,35682,35746,35807,35865,35920,35973,36022,36070,36116,36161,36204,36246,36286,36326,36365,36405,36445,36485,36526,36567,36608,36646,36681,36713,36741,36766,36788,36807,36826,36844,36863,36881,36899,36917,36935,36952,36969,36985,37000,37015,37029,37042,37056,37069,37083,37097,37112,37126,37141,37156,37170,37183,37196,37209,37221,37233,37244,37254,37264,37274,37283,37291,37299,37308,37317,37328,37339,37351,37365,37379,37391,37402,37411,37419,37425,37430,37433,37437,37442,37447,37452,37459,37466,37474,37481,37487,37493,37497,37501,37504,37507,37509,37512,37514,37517,37520,37523,37526,37529,37533,37537,37541,37545,37550,37554,37559,37565,37572,37579,37586,37594,37603,37611,37618,37626,37633,37639,37645,37650,37656,37661,37667,37672,37678,37683,37689,37695,37701,37708,37716,37724,37733,37742,37751,37759,37767,37774,37781,37787,37792,37799,37806,37815,37824,37835,37846,37859,37872,37885,37898,37912,37926,37941,37956,37968,37979,37987,37994,37998,38000,38000,38000,38000,38000,
Flu season (2017-18),est,9,18,27,36,45,54,63,73,83,93,103,113,125,138,151,165,180,195,210,225,240,254,267,281,293,307,322,338,355,373,392,412,433,455,477,500,523,548,573,598,624,651,677,704,732,760,788,815,843,870,897,924,951,980,1013,1048,1086,1126,1170,1216,1265,1317,1372,1429,1490,1553,1618,1688,1761,1838,1919,2004,2092,2184,2292,2415,2553,2707,2876,3061,3261,3487,3737,4011,4311,4636,4985,5360,5773,6226,6719,7251,7822,8433,9082,9762,10471,11210,11978,12776,13603,14460,15324,16195,17074,17959,18852,19752,20659,21552,22431,23296,24146,24982,25804,26612,27413,28207,28993,29773,30546,31312,32070,32820,33560,34291,35012,35724,36427,37121,37809,38492,39170,39843,40511,41174,41832,42467,43079,43668,44234,44778,45298,45796,46281,46754,47215,47664,48100,48524,48936,49329,49704,50060,50398,50718,51019,51302,51580,51853,52121,52383,52641,52894,53142,53381,53613,53837,54053,54262,54462,54655,54842,55025,55203,55376,55544,55707,55866,56025,56186,56349,56512,56677,56843,57011,57171,57325,57471,57611,57745,57871,57990,58105,58214,58319,58419,58514,58604,58690,58772,58852,58930,59004,59076,59145,59211,59277,59341,59404,59467,59528,59588,59647,59702,59753,59799,59841,59879,59913,59943,59972,60000,60027,60053,60079,60103,60127,60150,60171,60191,60210,60227,60243,60257,60272,60286,60301,60315,60330,60344,60359,60373,60385,60397,60407,60417,60426,60434,60442,60449,60457,60465,60473,60481,60488,60496,60502,60508,60514,60519,60524,60527,60532,60536,60540,60545,60549,60554,60559,60564,60570,60575,60580,60586,60591,60597,60602,60607,60611,60615,60619,60622,60625,60628,60631,60634,60638,60642,60646,60651,60656,60661,60666,60672,60678,60684,60691,60697,60702,60707,60711,60715,60718,60720,60723,60726,60730,60734,60738,60743,60749,60754,60759,60763,60767,60771,60774,60777,60780,60784,60788,60792,60797,60802,60808,60813,60818,60822,60827,60831,60834,60838,60841,60844,60848,60851,60854,60858,60861,60865,60868,60872,60876,60880,60885,60889,60894,60899,60904,60909,60915,60921,60927,60933,60940,60947,60954,60961,60969,60977,60983,60989,60993,60997,60999,61000,61000,61000,61000,61000,
Flu season (2018-19),est,7,14,20,27,34,41,49,56,64,72,80,89,98,108,119,130,141,154,167,180,194,209,224,239,256,272,289,305,322,339,356,373,390,408,427,446,465,485,505,525,545,564,583,602,620,637,655,674,693,713,733,754,775,796,819,842,866,890,916,941,969,998,1029,1062,1097,1133,1171,1209,1246,1283,1319,1354,1390,1424,1463,1504,1550,1599,1652,1708,1768,1833,1903,1978,2059,2144,2235,2331,2434,2543,2659,2783,2913,3049,3193,3341,3494,3651,3813,3980,4152,4328,4503,4676,4849,5020,5190,5358,5526,5696,5869,6045,6224,6406,6591,6779,6971,7169,7371,7578,7790,8007,8229,8454,8684,8917,9154,9394,9639,9887,10147,10418,10700,10994,11299,11615,11943,12270,12597,12922,13247,13571,13894,14216,14543,14873,15208,15547,15890,16236,16587,16941,17298,17657,18019,18383,18750,19120,19487,19851,20211,20568,20922,21273,21621,21965,22307,22645,22980,23312,23641,23967,24291,24613,24933,25251,25568,25883,26196,26497,26786,27064,27330,27585,27828,28059,28287,28511,28731,28948,29162,29371,29577,29774,29960,30136,30303,30459,30606,30743,30875,31003,31126,31246,31361,31471,31577,31677,31772,31861,31944,32022,32093,32159,32222,32283,32340,32395,32447,32496,32542,32587,32630,32671,32710,32747,32783,32817,32849,32879,32907,32934,32958,32980,33001,33021,33041,33061,33081,33101,33121,33141,33160,33178,33195,33212,33228,33243,33257,33271,33284,33297,33309,33321,33333,33344,33354,33364,33374,33384,33394,33403,33412,33421,33430,33439,33449,33459,33469,33479,33489,33499,33508,33518,33527,33536,33545,33553,33562,33570,33578,33586,33594,33601,33608,33615,33621,33626,33631,33636,33640,33644,33649,33653,33658,33663,33669,33674,33679,33684,33689,33694,33698,33703,33707,33711,33715,33720,33724,33729,33733,33738,33743,33748,33753,33758,33763,33769,33774,33779,33784,33789,33794,33798,33803,33807,33811,33817,33823,33830,33837,33845,33854,33863,33872,33880,33889,33897,33905,33913,33922,33931,33940,33950,33960,33971,33982,33992,34003,34014,34024,34034,34045,34055,34065,34075,34086,34096,34106,34116,34126,34135,34142,34148,34153,34156,34157,34157,34157,34157,34157,
Flu season (2019-20),est,11,22,32,43,54,65,76,86,97,108,119,130,141,152,164,176,188,200,213,228,243,260,278,297,317,338,358,379,399,420,441,462,483,504,525,546,567,588,609,630,653,676,700,725,750,777,804,833,862,893,924,957,991,1026,1063,1101,1141,1183,1226,1270,1318,1369,1423,1481,1541,1605,1672,1740,1809,1879,1951,2023,2097,2172,2249,2327,2407,2488,2571,2656,2743,2836,2937,3044,3159,3281,3409,3545,3702,3880,4080,4301,4544,4807,5092,5381,5675,5972,6274,6580,6889,7204,7516,7828,8139,8448,8756,9063,9369,9678,9990,10305,10623,10944,11268,11595,11921,12246,12570,12893,13215,13536,13856,14179,14505,14835,15167,15503,15842,16183,16528,16876,17228,17582,17940,18301,18665,19030,19396,19764,20133,20504,20875,21248,21628,22015,22410,22811,23220,23637,24060,24482,24901,25319,25735,26148,26560,26970,27379,27788,28195,28601,29007,29412,29816,30213,30603,30986,31363,31732,32095,32451,32797,33134,33461,33779,34087,34386,34675,34966,35259,35554,35851,36151,36452,36755,37059,37362,37667,37971,38276,38581,38886,39171,39437,39682,39908,40114,40300,40466,40622,40766,40900,41024,41136,41238,41329,41412,41487,41554,41612,41662,41704,41738,41770,41799,41827,41852,41875,41896,41915,41932,41946,41959,41969,41978,41984,41988,41991,41994,41997,41998,41999,42000,42000,42000,42000,42000,42000,42000,42000,42000,42000,42000,42000,42000,42000,42000,42000,42000,42000,42000,42000,42000,42000,42000,42000,42000,42000,42000,42000,42000,42000,42000,42000,42000,42000,42000,42000,42000,42000,42000,42000,42000,42000,42000,42000,42000,42000,42000,42000,42000,42000,42000,42000,42000,42000,42000,42000,42000,42000,42000,42000,42000,42000,42000,42000,42000,42000,42000,42000,42000,42000,42000,42000,42000,42000,42000,42000,42000,42000,42000,42000,42000,42000,42000,42000,42000,42000,42000,42000,42000,42000,42000,42000,42000,42000,42000,42000,42000,42000,42000,42000,42000,42000,42000,42000,42000,42000,42000,42000,42000,42000,42000,42000,42000,42000,42000,42000,42000,42000,42000,42000,42000,42000,42000,42000,42000,42000,42000,42000,42000,42000,42000,42000,42000,42000,42000,42000,42000,42000,
