0.0,0.0,0.0,1.0,0.0
0.0,0.0,0.0,1.0,0.0
0.0,0.0,0.0,1.0,0.0
0.0,0.0,0.0,1.0,0.0
0.0,0.0,0.0,1.0,0.0
0.0,0.0,0.0,1.0,0.0
0.0,0.0,0.0,1.0,0.0
0.0,0.0,0.0,1.0,0.0
0.0,0.0,0.0,1.0,0.0
0.0,0.0,0.0,1.0,0.0
0.0,0.0,0.0,1.0,0.0
0.0,0.0,0.0,1.0,0.0
0.0,0.0,0.0,1.0,0.0
0.0,0.0,0.0,1.0,0.0
0.0004412223922417318,-0.0002961419770762502,0.12035536700446046,0.40019940987736213,0.0005199068883750672
0.000882444784483463,-0.0005922839541525,0.12035536700446048,0.40019940987736247,0.0010398137767501337
0.0013236671767251952,-0.0008884259312287503,0.12035536700446052,0.400199409877362,0.001559720665125201
0.001966189186441417,-0.0013120733348141343,0.13298620573562056,0.3522115981760352,0.00209336993611562
0.002724527595423076,-0.0018171212539285669,0.14521213605549646,0.3092891599915322,0.002651932109222599
0.0040325106729583015,-0.002691441130551907,0.17454448948276582,0.220565886685691,0.003249772165293399
0.005340493750493526,-0.0035657610071752467,0.19098433351867788,0.17943939170499373,0.0039211830617036205
0.005766032043545288,-0.0038477969296460864,0.21365790339417304,0.1322110592279446,0.003766291728112828
0.00619157033659705,-0.004129832852116927,0.22676311555761783,0.10955678213836886,0.0037989798643737267
0.006818408247123303,-0.004539374201096902,0.2269428067761943,0.10926829081712096,0.004180098456473835
0.0071584633219660115,-0.004775305212587656,0.22587175768434495,0.11099647494931716,0.004410509973031253
0.008013173787777524,-0.005380158604224555,0.23631424306671547,0.09501389312792637,0.004706937214855551
0.008116044114278215,-0.005490669627430786,0.2564261714178165,0.06931620193212623,0.004370333162296647
0.008218914440778899,-0.005601180650637011,0.266867633696093,0.058349940072219136,0.004240112031874855
0.008763007159521323,-0.006007833650919493,0.2817688221062922,0.04516272694347341,0.00426284133797597
0.00865582994481786,-0.005831070211245802,0.2653914430107858,0.05980963522020082,0.004492252900622512
0.008146053495165412,-0.005399295918553839,0.24046001149681223,0.08918836112491124,0.0046975678362012885
0.007605943864456582,-0.004932226021312914,0.20514289767802782,0.14870989866442527,0.005183968960279514
0.00568907425401383,-0.00348310981719255,0.15772197052095807,0.2689982545884442,0.005088399973053892
0.0036269509165320294,-0.0019148624774068083,0.10438091066866266,0.46603620529283507,0.004936778854196648
0.0016806439783156625,-0.0004280156531501118,0.04779315761472389,0.7391038592632384,0.005017823569901952
-0.00026566295990069913,0.0010588311711065804,-0.00719141227824004,0.9600551548213463,0.005277248552383131
-0.0008000028455480262,0.0013061669849192253,-0.02590328813586387,0.8568144989378649,0.004410550965176419
-0.0010236159280435934,0.0013533192416910291,-0.040668756571373005,0.7769085072806278,0.0035926809680564666
-0.001131412611273726,0.001319070982933786,-0.05561853836818409,0.698275680073547,0.0029015538465835956
-0.0004929211050041777,0.0007530993129722986,-0.030405087692714123,0.8322618150789495,0.0023149002095191958
0.0004930195990616767,-5.70739035763312e-05,0.03629100244979306,0.8004013451533052,0.0019394607728091743
-0.019302348633837296,0.017604307690863408,-0.1336397665053564,0.3498287629908877,0.02044858203349178
-0.03909771686673625,0.03526568928530313,-0.13547536055117407,0.34318950444944474,0.040847980182468276
-0.05976320940443564,0.053655843580762454,-0.13807771419843892,0.3339116217625918,0.061239593253232666
-0.08258670752806756,0.07394082899974917,-0.13961809143370088,0.32849447395931064,0.0836749994108631
-0.10507553488107947,0.09399905764214343,-0.14005753311258667,0.32695924284445943,0.10611949613559968
-0.12756436223409137,0.11405728628453767,-0.1403424303217904,0.32596634417527026,0.12856498899386118
-0.15005318958710323,0.13411551492693188,-0.14054211155511426,0.32527156613853003,0.15101103380601769
-0.13072873039626387,0.1175222731493763,-0.1373244390316459,0.3365809215823018,0.13470729117514202
-0.11359164798529528,0.1029893654134682,-0.13349614287288972,0.35035155258647876,0.12046889200911835
-0.09460789239966792,0.08716277181409272,-0.12606791812260087,0.37804201758654754,0.10635205370479292
-0.07163640719920739,0.06776455035925757,-0.11506851436627114,0.42136389341406877,0.08834558495608091
-0.04744442668493011,0.047550234820228285,-0.09533269491359288,0.5057616769067841,0.07077221140291752
-0.021611662977187734,0.026238587407932074,-0.0566253354086622,0.6930808944986727,0.0544354695029865
0.01886661707205028,-0.005320530709716546,0.06273184560221064,0.6618794120443103,0.04287969700849177
0.04242422494958462,-0.02165383973651501,0.12627273150063995,0.37726145777450204,0.04761195686656844
0.07692813747765274,-0.046330748840937346,0.19429018238223486,0.17188544624743696,0.055485637563541294
0.11835565874745192,-0.07564960762711506,0.22793390279686018,0.10768754856928217,0.07222653765057717
0.18063945927426409,-0.11855020635906514,0.24079988578633071,0.08872342796547417,0.10401292576309773
0.2640777317159977,-0.17469366508967574,0.25839234324416166,0.0671346427988557,0.14104225298322715
0.3839466358719351,-0.2545146701826324,0.2801444996677847,0.046469815495662384,0.18795024130636828
0.5090531304116682,-0.33462882071383204,0.28851980120658516,0.04004806978764482,0.2413328298932112
0.6854858184152189,-0.4478205217910838,0.30003175026559625,0.03242855054551085,0.31135035763534874
0.8985873732570772,-0.575288436840967,0.2871225699716231,0.04106559403504546,0.4282647449773302
1.1358412189879574,-0.7046649012896581,0.2758135584213424,0.05010629200775988,0.5654871947235589
1.438397685013788,-0.8717712147993211,0.2748969180176699,0.05090483304525853,0.7187013750161285
1.8186801472834466,-1.0751852561918152,0.2757132527128798,0.050193175521539464,0.9058002728550665
2.251446914124849,-1.2926606854102671,0.27518170728768543,0.05065563763410143,1.1236853538811924
2.776955630249842,-1.5562325035185833,0.2823762656112624,0.044681700823184754,1.3477174232711222
3.3320779228651456,-1.8035367917607488,0.28471803236469523,0.042866319502430195,1.6026721260864565
4.03646304401096,-2.1178720652725733,0.29875544028901085,0.03320897746119713,1.8419827575995167
5.170644922786153,-2.6923518133640076,0.3227758212784137,0.020879983424141185,2.1659829405318574
6.738340088487148,-3.4647919811186183,0.3318714692293681,0.017353003127354383,2.7361892669892987
9.181240730178091,-4.750988356970996,0.32807708103657546,0.018757406646431933,3.776581060388126
12.665849414107285,-6.657357140919936,0.31590341103738256,0.02393041768853481,5.434413542290604
17.724143827680237,-9.552032498102955,0.3014612846286404,0.031572566860413084,8.008414575227356
24.97682986388013,-13.84395829768263,0.29197605777498925,0.037619841647382135,11.688081729970909
34.055009038322694,-19.27343755920617,0.2873530791783505,0.04089628050208041,16.21635149171319
44.901750406193685,-25.683908296024562,0.281885166812166,0.045070269123156634,21.83305546049029
58.25426010984918,-33.635092427908674,0.28405644639549105,0.04337296049084303,28.09030471032455
72.89965781991722,-42.2396073454997,0.28907979097202263,0.039646120984332525,34.48736772131336
89.8431076890977,-52.23316959372288,0.29533524526787636,0.03537742048805487,41.51966237971644
107.97148871705213,-62.92692955028507,0.3051585923296352,0.02944537968087608,48.13488468793667
126.8617898065473,-74.03137508860073,0.31601335552979504,0.023878820508372228,54.410324510381386
146.2186716589077,-85.16653350567611,0.3246116292659498,0.020123080527322746,60.86418215918401
165.80223691192867,-96.31496288333682,0.3336728918932661,0.01671817100660219,66.91751779404053
183.57422219975942,-105.96053056011307,0.3376345453228895,0.0153912443475997,73.11127479190465
203.74963105943112,-117.35226351133417,0.3417245292036607,0.014116624010952665,80.04941327685847
224.19643990874997,-128.8693201288527,0.34501956270295975,0.01315644292646761,87.12953906566187
243.36300442051484,-139.49947733409007,0.3456982419959868,0.012965781526802635,94.3674529784192
261.65849402001635,-149.48206941114185,0.3450800977581768,0.013139339807975988,101.66818080869218
280.2023463137905,-159.9958835657165,0.3466433325893054,0.012704224933037666,108.31592990844685
300.9663051342712,-172.58341456587596,0.3528003332132941,0.011108506672309948,114.03202672596026
323.75032928294996,-187.1276689448735,0.3640771998801673,0.008629676466733875,118.31515296041175
342.83293146503655,-199.30682173879097,0.3750725968265163,0.006689171815669458,121.0449722018078
359.39416235364945,-210.28295102697285,0.3884730976865856,0.004846800715174177,121.78352719442015
376.49930733292393,-221.8793273665191,0.40183231376994577,0.003468939023492141,122.569041790563
391.0777980819969,-232.09705138035957,0.416509685588893,0.002364254169064847,121.94573514187654
403.009550772924,-240.7364701363606,0.42867001687489087,0.0016984172726828188,121.33990866274723
407.2402675887237,-243.82164632758915,0.43290578291291004,0.001509231587172322,121.14227180620274
409.08282969336216,-245.3953657137343,0.4351269298563585,0.0014177441966835252,120.92548591181125
409.9885683954809,-246.36018850337337,0.43706490678147636,0.0013420011225493674,120.52999098999636
407.73654757187643,-244.7903017488092,0.43641101156231604,0.0013671433721409332,120.08990839248192
399.76706865802754,-239.0084892684299,0.4334528697275564,0.0014862215271268435,118.73447172026763
393.91648894633687,-234.61527718702072,0.43022698847425866,0.0016265526091982431,118.07607040360689
387.90863998123774,-229.83306717315685,0.42808110328246435,0.0017263284095868799,116.99007380582938
387.97812269652457,-229.43430692689878,0.4318896633011473,0.001552813826804748,115.74640472295232
387.25271793132293,-228.1380920982253,0.43540321443281743,0.001406717793940451,114.38286265159734
387.7856900471523,-227.53563813276565,0.4374348007095492,0.0013279624364637829,113.88352908092433
391.21986029174184,-228.9166343663125,0.4389161084296706,0.0012730480919776323,114.41236717356561
401.5908451878678,-235.360968832281,0.44430283467173654,0.0010900636745690194,115.67910033431865
405.7132796709269,-237.37206653433043,0.4468611286695665,0.0010117162248423604,116.03235828919867
408.84485099267835,-238.71508897890533,0.44895033821591235,0.000951521268442047,116.24768418271307
404.8733776091762,-234.930466020785,0.44679079574195063,0.0010138007932490923,115.8149249904774
399.0938376898515,-229.96824934946932,0.4437996675398582,0.0011060978078816575,115.12220524763119
389.53013061179263,-222.2243547433087,0.44079597067628135,0.0012062867358117407,113.31614440157549
375.7846295472575,-211.63660684059914,0.4376820712509009,0.0013186510582898446,110.28199381568778
356.21940782273344,-196.86898721923166,0.43080459942662136,0.001600589415164212,106.60070105136911
339.9026027261223,-184.3220041525014,0.42511787340549634,0.001873063290707092,103.38603555508283
322.6813696674649,-171.15483736954718,0.41645301110066585,0.002367834735745762,100.63495282790566
309.2662281419649,-160.64325183935003,0.40941393051066516,0.002851750405910409,98.45385396698293
295.7542182533536,-150.0093928636275,0.39981461587107725,0.003651857609927973,96.86172757114711
280.3917254663796,-138.37859296040287,0.3881041158162051,0.004890850843543844,95.11931010492172
266.730650033266,-128.12380807848515,0.376521959685828,0.006464165166155624,93.7533350884378
254.75938477569497,-119.37087655410063,0.3672570246325364,0.008023856560774681,92.17237707626413
243.29701025607997,-111.33383378758975,0.35863371616851863,0.009758922870440155,90.4673507360254
232.61236535048099,-103.94223982650016,0.35117950623216754,0.011510871826236313,88.59809785187979
219.7025770352556,-95.15878513991149,0.3410262901840044,0.014327609955478606,86.51709740409814
208.18806005756963,-87.6324111943685,0.3331467212874422,0.016901520854690266,84.17368778817095
201.0820635751266,-83.53210860248628,0.3322258538821147,0.01722652267129901,81.55406185601548
195.37004083533705,-80.40344944325935,0.33388695404315755,0.016644064384306483,78.79414717099779
189.6663129408638,-77.15485179237199,0.3353034731918966,0.01616068540710253,76.12999543257162
186.5359004539025,-75.43309228779113,0.3381949555616475,0.015210994335894724,74.15185044458178
184.82457540015227,-74.72498129699794,0.3421656200840979,0.013984713845270027,72.5081200352906
185.50060008547007,-75.43366066904305,0.3467797988336221,0.01266683390144521,71.67564153705811
185.1442729130845,-75.21436174469478,0.3487864603893788,0.012127820130893842,71.06993766066184
182.08189626617465,-72.63398168671819,0.34425083197498757,0.013375298658591104,70.94189092199544
177.73589850855424,-69.13832261261643,0.33842680812498765,0.015136949775671692,70.59901125213514
172.64132330704763,-64.83308072852053,0.32959671068870183,0.018183799951604976,70.64670023153793
163.70484606199486,-57.95489913684999,0.3158712730341634,0.023945517803163858,70.24719405682583
152.43971431362246,-49.42425932328983,0.29963843210314833,0.032667413622053304,69.33858843031466
138.70152284013926,-39.626852713263474,0.2820759086243189,0.04491902336571825,67.39277304608063
124.85036101795649,-30.009096103186423,0.26473217822038886,0.06047094276621404,64.96913634297782
114.02753443476216,-22.83602950210647,0.25209813771492656,0.07431712113226316,62.529297349761684
105.63666234875866,-17.37012685396641,0.24155299233313618,0.08769995458217685,60.62468020371433
98.34038348706925,-12.93464094861831,0.23474169205770276,0.09729930327783638,58.174908612131766
94.29393411604983,-10.702472078277111,0.23434568131132574,0.09788148848315865,55.88091779683344
92.61745531813818,-10.090704716419907,0.23812477700133902,0.09243446750140259,53.96526953671294
93.58340052001972,-11.0222042940472,0.24609101595322713,0.08172675628601545,52.65496938067263
94.89734634618958,-11.964506529649341,0.25398054694369154,0.07210804629552287,51.62690021255156
97.20813057374322,-13.451280016684812,0.26548473567069064,0.05971652471378596,50.430568455818566
96.38209161451923,-12.679014287495704,0.2704826239332467,0.0548962160206893,49.00733891931039
94.93954741256722,-11.41528270922781,0.27147565776744087,0.05397697221110982,48.083301739101515
89.09387950524986,-7.05191307933363,0.2629251940122179,0.062313668568392454,46.704876080288926
81.61818861238837,-1.6055299128240677,0.24789242316825816,0.07944626679413917,45.56739642677921
72.12378592694165,5.49090546299098,0.22400876377880827,0.1140522071601593,44.82663492886448
63.71537344965872,11.790016575156187,0.19947559205497448,0.16050543866859618,44.71357831063603
51.17813860078096,21.14674341682457,0.16131002694664753,0.2581182442097157,44.730102739907615
39.817027213971016,29.854694988347724,0.12406159115363061,0.38573914760970696,45.49516916818742
28.414539308279448,38.639672324093,0.08631750967003542,0.5469917086448861,46.85109201532715
19.38113249341687,45.86331917233058,0.057152588877354304,0.6903659673841509,48.36539601093263
12.647450541403789,51.57778451289934,0.03559460030362348,0.8041552977121701,50.72774236538241
8.236951356886296,55.3696309852397,0.02220993290498794,0.8770597961523643,52.96806083003816
2.9700599101536347,60.025671942362536,0.007647564280723647,0.9575237008388686,55.4793460567625
1.235089321499159,62.11770257936424,0.0030522320608800117,0.9830406843040518,57.807042927002676
1.8273003598042366,62.35988328213688,0.004322088922164846,0.975986657357814,60.39683010535546
3.6767163012375406,61.924417004391465,0.008291040540500434,0.9539533865473492,63.3487594208152
5.942908651084332,61.48982472872978,0.012672600918901945,0.929669754278077,66.98851967324093
7.193870769640794,62.17614040037081,0.014463224279997435,0.9197626885261252,71.04835751125601
7.3693610512128025,64.12371494764807,0.013938834424217818,0.9226628226895668,75.5202017566355
8.661989871625254,65.62544338993989,0.015458532519331197,0.9142610176421806,80.03859761531302
7.4818384668758,69.47473673411223,0.012621601031600708,0.9299520856394615,84.67617740605849
4.565356522134387,75.0191914498945,0.007313449389805993,0.9593778603168037,89.17493129260268
2.7971318604578284,79.96668144936068,0.004228611497989004,0.9765058668748805,94.4959576887048
0.5233172367083473,85.36864692905277,0.0007553455327464894,0.9958027369204798,98.97402006904831
-2.8541040076546174,91.73802333091865,-0.003937832449283569,0.9781210261099024,103.54071382128637
-4.184184862009224,96.5561133791915,-0.005486927491793974,0.9695175917085999,108.93741488232186
-5.362891931502743,101.13637961884088,-0.00668494503260183,0.9628662937251241,114.60233350009985
-4.391443581809525,104.13734318117066,-0.005214577183288057,0.9710299617656446,120.30516216885792
-5.0337287540168125,108.22714141365502,-0.005721976579269294,0.9682124417383255,125.67201657658984
-8.519594641146341,114.21423122475152,-0.00935257305088213,0.9480654853715965,130.12800983866032
-9.610597779768975,118.14322750962188,-0.010150084549224328,0.9436437945629348,135.25718020601386
-9.677367345135316,120.88972846276975,-0.00991378194483402,0.9449537718196774,139.44356634891403
-13.483720724932562,126.55459090309562,-0.013535244879311594,0.9248955523106572,142.3002967492468
-21.29502665464723,135.18445316848627,-0.021043563463603195,0.8834701628753238,144.53222318270502
-32.12142347299012,146.04766030443713,-0.031356025508132546,0.8270948354445901,146.27231322586587
-43.22016861812823,157.64929017150627,-0.041567739797713076,0.772107818401532,148.4077147921148
-54.64746145853187,169.82787188611096,-0.05180620053086241,0.7180688903345475,150.48964891694766
-70.99888401878962,186.2669915281453,-0.06637624975086198,0.6435216151154022,152.46913931588685
-88.80738181227176,204.31666496055803,-0.08137782458635621,0.5702459435539117,155.3825136189025
-105.41746511760168,221.45738196801736,-0.09448578432272331,0.5095662908158345,158.67216785494185
-116.90881685204775,234.77768051379047,-0.10224365685138566,0.4752652953282521,162.49159307808847
-125.9016394563735,245.7883401415828,-0.10776692262625177,0.451614337399896,165.92476850634353
-132.73172809619592,254.35731573920864,-0.1119098033681209,0.4343065921980741,168.37278431034107
-138.3712040842935,261.8220022627261,-0.11467886528484443,0.4229485042323612,171.23383857490126
-140.91604926699586,266.39796912385583,-0.11527387706556913,0.42053009184820267,173.47093079295715
-143.27064626177648,270.29052949347397,-0.11634373251979964,0.41620154140296983,174.72571950054032
-145.6810736540727,273.81400192203375,-0.11767254603722821,0.41086091342473585,175.63138707051317
-151.14040609373765,279.1449060983998,-0.12243289722479571,0.3920551898571051,175.0268911279774
-157.8679278224009,285.695692007274,-0.1283931532882099,0.3692370673590095,174.19855214816135
-164.54980468701424,292.3699797219193,-0.13397343449455443,0.34861606546565804,173.87922170144378
-173.17530279809955,300.22265944382605,-0.141961571864824,0.3203595774263819,172.50283242854613
-181.23719653365143,307.4872198106963,-0.15007522316039335,0.2931901723099537,170.5664719299597
-188.16188391728627,313.71452477216303,-0.1575635951194834,0.2694854190935077,168.4685058654566
-193.4477310456199,318.5451235692581,-0.16440085576208713,0.2489862689431825,165.81040405014585
-197.12197021538887,322.2434556698129,-0.16948443566626858,0.2344476749119911,163.74885829003756
-200.00791364474853,324.6042934924038,-0.17412953329963066,0.22168228858943537,161.5811436118554
-203.12100866570847,326.6722759629381,-0.1795152464817734,0.20749555877191353,159.01661409971675
-201.642102707155,324.7042829521025,-0.18114778730913947,0.20332417293437055,156.38857694325227
-198.60592286400575,320.7374554997848,-0.18236804546188107,0.2002451161190832,152.96803310448777
-196.1073733179548,316.95254347868024,-0.1838763784122122,0.196484940370903,149.76181440434638
-194.91709363368966,313.7370538116378,-0.1866793557030195,0.1896309435744787,146.53898711346966
-195.41781292758813,311.2687790528721,-0.19237180450011382,0.17624038350651122,142.4086189580241
-196.08328209829313,308.90890845228813,-0.19873892048205755,0.16208762618809808,138.13665273096638
-197.44849225452404,307.19040122130554,-0.20561249746169794,0.1477620865837576,134.25372537695233
-200.70781204715243,307.14068702756026,-0.2148914748241312,0.12993963125207522,130.31086840967828
-206.57215039773726,309.62178739721713,-0.22567801508158497,0.11131130779007958,127.38945226742392
-210.4249551334968,310.29684699346245,-0.2366712276691399,0.09450093301276564,123.40611613183738
-212.55437616059194,309.7771222687537,-0.24538794868119296,0.0826306396418541,119.95903913837991
-210.7071696569087,306.54432138088725,-0.24947967372899926,0.0774787058122176,116.84010353000515
-206.28823727050477,301.5534734273282,-0.2510236244977233,0.07560192003786458,113.63932461861026
-199.13503362597987,294.28890751647884,-0.25053930242331396,0.07618673838633358,109.92510067851426
-192.61075958111195,287.36475219675447,-0.25056396519894697,0.07615687197580608,106.31245118827859
-184.90616945116452,279.44984650264735,-0.2498389871545303,0.0770386841809466,102.37582857965502
-178.79168019137757,272.95833803471936,-0.2493484229914269,0.07763993157427651,99.19816235663968
-175.3314351320023,268.61701419587496,-0.25305279487845134,0.07319019358598601,95.75914226906794
-177.81066106740974,268.7614489627697,-0.26362356894329686,0.06159621551097642,92.94677383220461
-186.37491651730554,273.4310000842769,-0.2831666814139718,0.04406205904717253,90.17743945163322
-200.59377666274955,282.95615597951974,-0.3101669933979172,0.026755550701901228,87.83328929883665
-214.32137152565292,292.1422236791603,-0.3358311892310663,0.01598368755438288,85.87395017056444
-230.36319066176148,303.6862541773613,-0.3616777413016001,0.00911267218087458,84.83018748313451
-248.7650834508301,317.36178546588724,-0.39035938168111833,0.004627000183636428,83.8160605778381
-269.2488332066973,333.2594722080014,-0.4187917433375975,0.002224009855643122,83.40323439647968
-293.6055472172189,352.97201774022994,-0.449532068369489,0.0009353424241260102,83.34613473352583
-316.3265740528114,371.8354129498001,-0.4759042626330793,0.0004160507392414783,83.51268566306544
-339.3194195546341,391.25299709627774,-0.4982114227018748,0.00019890645734742005,84.36142988394215
-368.2968183408499,416.0361701270833,-0.5216589513416814,8.652556764919226e-05,86.04799419868421
-397.01606651282174,440.2698538448613,-0.5430060011621632,3.8385886576036265e-05,87.7090625007371
-423.77273162468816,463.2869310081036,-0.5574405329870162,2.145752648418629e-05,90.16292200409268
-446.8073733257986,482.78869811793845,-0.570687304931033,1.2280262527387723e-05,91.84506206259996
-460.22040731738196,494.2222938085996,-0.5832472358840762,7.071518654077094e-06,91.56484338254249
-471.233634670125,503.96342554268176,-0.593743995277092,4.379263019519361e-06,91.23220843011794
-477.0550703281798,508.8162568177406,-0.6035415673926924,2.756913961614725e-06,90.03310553473231
-474.5361764192692,506.58253863183677,-0.6088249685192236,2.1342170438075213e-06,88.33214843839913
-469.2837157931339,501.88381982955286,-0.6113032281430535,1.8896837448901048e-06,86.79103364803538
-461.07109002345607,493.850998646148,-0.6141629189695051,1.6399974079016945e-06,84.63732428601578
-451.162519181752,484.23441234270655,-0.6148643310673805,1.5836328692876506e-06,82.66669313952035
-441.22345055371346,474.0586074658302,-0.6159359198689692,1.500993010404323e-06,80.61928235766005
-431.3358080373284,463.438317778973,-0.6207357378158708,1.1777533445746857e-06,77.82834374313661
-424.7826492373556,455.849401796044,-0.6262157554162063,8.884401165574777e-07,75.55171321792288
-423.7448852073121,453.0054567387721,-0.6353430318144049,5.487800940809676e-07,73.57746974293657
-427.87482858338177,455.29330552591074,-0.6478336220932802,2.7654796088647867e-07,71.87632099331809
-437.56615760976024,463.33981362078055,-0.6575717584100227,1.5854386695845548e-07,71.6182145345064
-452.7983313699462,476.9036589370123,-0.668317426916906,8.3787557969293e-08,71.99870117213383
-473.5217714372583,495.9050013129295,-0.6779699794518123,4.619327263528025e-08,73.34520404369172
-501.27300080225797,521.063338607657,-0.6879357184845355,2.4392161071878878e-08,75.54894386171667
-529.3823832467955,546.6509430432613,-0.6966712895517866,1.3645976332276853e-08,77.87519486383955
-554.9330830992485,570.1274618887342,-0.7054297898525738,7.464573428031845e-09,79.65262918606659
-576.6673213484631,590.2810352958161,-0.7080340564195646,6.212524999848092e-09,82.165123929188
-600.726297322461,611.8865843566032,-0.7143478996879946,3.947524779330706e-09,84.06922086300732
-625.9001590503374,634.1385358466933,-0.7181466732788205,2.98734656657163e-09,86.64341656466249
-651.7048479251546,656.5124542422911,-0.7233129464912189,2.029991867592524e-09,88.8798202627864
-672.0633623286241,674.5909004217451,-0.7277535474347965,1.4462708266786589e-09,90.47943098927497
-692.9418411737842,693.128039407804,-0.7313498530375112,1.0936749811236525e-09,92.31229020449584
-716.4499209600989,713.8288955036685,-0.7347870840735516,8.338321775852883e-10,94.48148499236518
-746.2637803120858,739.3528432715701,-0.7470049277045634,3.0707447513933933e-10,94.87984208771168
-770.1102382536856,760.0935744546111,-0.7536618963542928,1.7393515189528014e-10,95.9438249193737
-789.2953112086212,776.8581964509567,-0.7608024787518399,9.26415463815996e-11,96.18408587934108
-806.5333143057054,792.1484829023682,-0.7660693556155592,5.739499196765562e-11,96.67264847787322
-820.8704218132613,804.7667822283584,-0.7713136332077798,3.518822079804723e-11,96.76391458385153
-831.5803447427078,814.6319022357343,-0.7765236489228304,2.136442611020347e-11,96.39461464244177
-839.0755433814898,821.8436963351799,-0.7798720459564762,1.5393643798519497e-11,96.20810465100246
-840.5583575364517,825.0991894822223,-0.7815504486519033,1.3033301234239944e-11,95.84897101598345
-847.5410235229847,832.934444473814,-0.7853067201529429,8.932173510764508e-12,95.4528763572582
-862.9859451403111,848.282280581035,-0.787341147151149,7.256244462261282e-12,96.53575427074827
-877.6189206003523,863.3977635246612,-0.7879430616947461,6.820614844023504e-12,97.97520649073046
-903.8438419519694,888.4916916855835,-0.7876375735227801,7.0385131226972934e-12,101.0060794988428
-939.8495007313712,921.9821808124594,-0.785566470809314,8.699395585633574e-12,105.7576261447955
-983.6691196137476,962.4127670749381,-0.7831853557320642,1.1066987555686479e-11,111.56526210259622
-1028.2982592671708,1002.385539830593,-0.7908727041141314,5.031586567424916e-12,113.67165768004811
-1071.3492224220574,1041.3629494580268,-0.7944063309544286,3.4636436517186717e-12,117.018785690924
-1109.2657977907845,1075.8853672042046,-0.7963634928610447,2.807702143338209e-12,120.35140635692372
-1155.227116701023,1116.9739807529675,-0.7969806700167268,2.6265898811255725e-12,125.07253266667266
-1195.2077735777636,1153.4305235340878,-0.7956810931422522,3.0217266143194326e-12,129.97960526397623
-1222.7151323067653,1178.8673878083705,-0.7933031127426976,3.89493548303777e-12,134.05465770398044
-1243.3150758140075,1198.2584222415044,-0.7907738627028467,5.083894286889175e-12,137.48622753994132
-1275.2075699026368,1228.0208677531707,-0.790526347323857,5.217153340343754e-12,141.13071894987917
-1312.1237621604307,1261.8765438471366,-0.7877808031313819,6.9355413356991585e-12,146.56181514112842
-1340.5499989935306,1288.79116519804,-0.7853508200613195,8.892241278241448e-12,150.9550601594988
-1364.0812178000988,1311.7999151466859,-0.7817957354790334,1.2718537230600159e-11,155.4209168473226
-1391.0334852606766,1337.6475180849866,-0.7790390686386612,1.671027943098133e-11,159.93031594860102
-1429.9996006816414,1374.8835679760505,-0.7760367857518462,2.239679852937816e-11,166.02362503617653
-1475.9230171535548,1418.7108384966152,-0.7701631232591689,3.9218248418458695e-11,174.62219615874076
-1503.2437991531467,1447.0688095957223,-0.7654447159180428,6.07876781667791e-11,180.5374165499957
-1526.3052667202305,1472.375772701655,-0.7628514061276286,7.701067820704472e-11,184.80832969437688
-1563.8187551831543,1510.2886504724165,-0.7593713026244687,1.0529139814635e-10,191.419712067835
-1602.7118229263453,1549.824699859672,-0.7553754771987097,1.4982431241984181e-10,198.6229958997684
-1644.5176968071303,1592.1493145082145,-0.7503127225250428,2.3202994441891029e-10,206.99232015456622
-1690.8672004943032,1637.4418189529993,-0.7446808004663434,3.7294349659464966e-10,216.49159038648068
-1737.736662145327,1682.8896139904705,-0.7407732210458351,5.146719234662843e-10,225.11875585498845
-1797.8912920582056,1739.7077507454105,-0.7357510345103471,7.721730446035029e-10,236.42035862923348
-1860.4985303631481,1798.7054077574362,-0.7300279215608261,1.212611340210358e-09,248.8157121051273
-1920.414221160482,1855.9149677126843,-0.725881592799417,1.6698140471192413e-09,259.9594970585678
-1987.1691365962108,1919.6159938584053,-0.7220799673125212,2.2278103483751597e-09,271.9806956692497
-2058.5245059684794,1988.2844151196907,-0.7209726082660521,2.4208359135677713e-09,282.6504200363248
-2123.158715985373,2053.472503415205,-0.7207377875000317,2.4637450373020852e-09,291.7229279756748
-2187.2126314540087,2119.344473260786,-0.7200604586382346,2.5915661365727117e-09,301.11194355473305
-2255.1304889129583,2189.9543721517766,-0.7185344229654912,2.9028235115007995e-09,311.8299462978657
-2324.9968753630615,2264.0206437602556,-0.7174502584571609,3.1450069104020865e-09,322.4943261376071
-2387.543933239151,2333.1120370657354,-0.7135248822117138,4.190763204002525e-09,334.9136668456725
-2455.1683449017196,2407.2406489192354,-0.7103355566988651,5.273276019968046e-09,347.5425137427114
-2501.7282365625106,2464.6464393454994,-0.7057871615082775,7.279705646200829e-09,358.7249361260597
-2564.0571115444936,2534.6956067122255,-0.7022818014264075,9.295092550940364e-09,371.3100116442205
-2616.9716572656544,2596.7024157139476,-0.701245769710823,9.984655884127824e-09,380.0767340723254
-2661.073564049294,2651.1010177827134,-0.7014528800308276,9.843071087833634e-09,386.25733878209206
-2697.3374003309245,2697.7254678185036,-0.7017837988719834,9.620761876000187e-09,391.15753926394825
-2745.7904949613394,2753.9492126273626,-0.7045755653825034,7.924524762522177e-09,395.0691475774912
-2752.1008425936334,2774.2871320998424,-0.7051099271613969,7.633776715813148e-09,395.38095127853825
-2760.3891906799167,2794.485305289888,-0.7058291826866999,7.2582535608703925e-09,395.76759444338865
-2711.866257309568,2765.8102530368674,-0.7028747380082914,8.92086918582641e-09,392.0608101146965
-2657.082402293987,2731.1165391367376,-0.6963591968464523,1.3937005816945132e-08,391.21242709237487
-2590.2809206285033,2684.7995414256334,-0.6884098387644693,2.36474258231921e-08,389.88144148033734
-2507.197234770213,2623.7280385767567,-0.6783489498183144,4.510540909554757e-08,387.9456804018552
-2403.9579547979974,2543.51863378986,-0.6669559347418889,9.096928801502288e-08,383.65829774512105
-2291.5163516946936,2448.7921105917076,-0.6570554107261767,1.6337295444404202e-07,375.58083040545506
-2157.9566363400304,2335.1602631447577,-0.6453462991891603,3.1777194803381535e-07,364.90747251458384
-2041.94784126471,2234.6608421165274,-0.6348147850475658,5.645382914446207e-07,355.0507569123637
-1923.1689779618412,2130.211248782703,-0.6252072596762102,9.361282374581454e-07,342.9614877878812
-1802.8594869946523,2022.7239048378701,-0.6160752574818114,1.4905473970456217e-06,329.2940729220571
-1673.5953234883557,1908.3624166934999,-0.6037723829646351,2.72651332192976e-06,315.66243772269786
-1538.5231282665145,1790.7988530527643,-0.5879758810161795,5.710343597860447e-06,302.3637677092711
-1441.5615754846854,1716.7960516870562,-0.5689784637217444,1.3214871342426459e-05,297.6441189331697
-1365.3233699097816,1661.9467027406035,-0.5540339177566006,2.4674580289729606e-05,293.0773747636883
-1293.131693127604,1614.3374035067202,-0.5369905963562018,4.853482512190458e-05,290.20744277686646
-1213.1164453619706,1563.153832023746,-0.513970881143709,0.00011444255150397931,289.2383271909796
-1126.0442493986297,1509.6959420811068,-0.48427243605152903,0.00031730414537241015,290.6261237918493
-1081.465653445281,1491.7433333195675,-0.46671476903485765,0.0005558443691096194,292.76270932422506
-1034.7586254485075,1471.6011098001266,-0.4474454756692751,0.0009945450658061068,295.4537933854147
-981.9211239494443,1438.4670130248578,-0.4322983672369514,0.0015351509949405472,292.5982928152344
-905.1823833494659,1384.072500927179,-0.4057859164943788,0.0031337934246952453,291.25416701009254
-833.1304051020222,1330.3716250967668,-0.3810108428977644,0.005808603118959425,288.81362275987505
-780.949796635566,1290.94739883601,-0.3619966497505527,0.009047160154479605,287.28967910866623
-726.6950547828328,1246.834559686543,-0.33964582287492834,0.014752683504267531,287.48245755587675
-628.9155263616892,1163.7650422645465,-0.3025676170839594,0.030923073544451805,283.0238434410223
-536.5997530061983,1083.9541297280985,-0.2641997289527949,0.06100931722509822,279.8387671786433
-433.5509757572878,996.3293275703672,-0.2149918442180062,0.12975611622058034,281.3480494597924
-376.0611966705464,944.3183476613594,-0.187062520406986,0.18870744111807686,282.12337589387664
-324.96601782885097,895.9903497987643,-0.1612654557091377,0.2582515560488489,284.1034968072842
-267.3262002383016,841.1097269009892,-0.1321692352462858,0.35520417642094326,286.4087645794573
-241.52080859590035,811.3133671311192,-0.11921837411312936,0.404697988828959,287.3458029317729
-239.27369231847265,802.1923851706565,-0.1178210754988649,0.4102664201296067,288.0967867684235
-247.56011308035315,801.3842719728048,-0.122358237149256,0.39234616945510903,286.8625209704253
-259.61382574767,801.4584239073795,-0.12968985697357988,0.3643809856254715,283.55701966197256
-227.4297428194071,759.0700128027265,-0.11531030056635412,0.4203823053824808,279.8816709305245
-184.28781758359722,709.2902114886415,-0.09426744097299668,0.5105495128071619,278.0344417841633
-135.02273893184332,653.9113925737807,-0.0707925764311974,0.6215556422063897,271.78793016236045
-70.02214583453416,586.965879510172,-0.037673506975159206,0.7929622615281078,265.3340042359405
-3.532336078863186,519.2300679552516,-0.0019405248277776126,0.9892172667813046,260.0422743922841
56.058941059834424,458.6186480215563,0.03131252316123146,0.8273310516467222,255.632327138841
105.98377865083243,410.41105056843514,0.060119411770759364,0.6751619805359131,251.38558473379732
132.95673298274806,391.14208785722354,0.07586464814174691,0.5967263106493368,249.64303728969398
151.61554322765295,384.04842110642716,0.08602334205578913,0.5483637021910044,250.85138732871448
152.12963262933246,397.52896434109016,0.08339203388562212,0.5607088046857839,259.70232814350896
149.5508402922778,414.3714381975831,0.07954192723315395,0.5790035016990474,267.74198000701756
146.805557090707,433.3188298497384,0.0755100445608488,0.5984479097475973,276.9478912631198
157.45022490741965,442.16123221355184,0.07811955823193188,0.5858302377380534,287.049126485968
172.42911767339913,447.7275918424557,0.08216741702976432,0.5664983599232634,298.77337520012
175.79588797570818,468.7000493699683,0.08030322532245748,0.5753645504976967,311.72587425481817
163.49211732235264,494.5836248605253,0.07253678813811912,0.612968102312582,321.1403686251385
162.497603953089,509.23390483458854,0.07140976982085998,0.6185111290710879,324.25086595087356
155.160996799844,532.4441557534334,0.0665503297810501,0.6426498726232077,332.3306825491164
144.19387518471052,560.1598798240151,0.06016861183977289,0.67491090560802,341.7363883912265
134.39552108123738,587.9951630450569,0.05460322637532822,0.7035283067997931,351.09129069440115
109.89765024978121,628.1877062136656,0.04356711117012373,0.7614614117097716,360.0137147105519
