Cholera	inc	Hispaniola, 2010-13	https://en.wikipedia.org/w/index.php?title=2010s_Haiti_cholera_outbreak	2010-10-21	10075	0	1	5	12	21	33	47	64	84	106	131	159	189	222	257	295	336	379	425	474	525	579	635	694	756	820	887	957	1029	1104	1181	1261	1344	1440	1534	1626	1716	1804	1891	1975	2057	2138	2216	2293	2367	2440	2510	2578	2644	2708	2770	2830	2888	2943	2996	3047	3095	3141	3185	3226	3265	3301	3334	3365	3393	3419	3441	3460	3476	3488	3496	3500	3513	3526	3539	3551	3564	3577	3590	3603	3616	3629	3642	3654	3667	3680	3693	3706	3719	3732	3745	3757	3770	3783	3796	3809	3822	3835	3848	3860	3873	3886	3899	3957	4015	4073	4131	4145	4159	4173	4186	4200	4214	4228	4242	4256	4270	4284	4297	4311	4325	4339	4353	4367	4381	4395	4408	4422	4436	4450	4464	4478	4492	4506	4519	4533	4547	4561	4575	4589	4603	4617	4630	4644	4658	4672	4683	4694	4704	4715	4726	4737	4748	4759	4769	4780	4791	4802	4813	4824	4834	4845	4856	4863	4870	4877	4884	4890	4897	4904	4911	4918	4925	4932	4939	4945	4952	4959	4966	4973	4980	4987	4994	5000	5007	5014	5021	5028	5035	5042	5049	5056	5062	5069	5076	5083	5090	5097	5104	5111	5117	5124	5131	5138	5145	5152	5159	5166	5172	5179	5186	5193	5200	5205	5211	5216	5222	5227	5233	5238	5244	5249	5255	5260	5266	5271	5277	5282	5288	5293	5298	5304	5309	5315	5320	5326	5331	5337	5342	5348	5353	5359	5364	5370	5375	5381	5386	5392	5397	5442	5486	5531	5576	5621	5665	5710	5755	5800	5844	5889	5896	5903	5910	5917	5924	5931	5938	5945	5952	5959	5966	5973	5980	5987	5994	6001	6008	6015	6022	6029	6036	6043	6050	6057	6064	6071	6078	6085	6092	6099	6106	6113	6120	6127	6134	6141	6148	6155	6162	6169	6176	6183	6190	6197	6204	6211	6218	6225	6232	6239	6246	6253	6260	6267	6274	6281	6288	6295	6302	6309	6316	6323	6330	6337	6344	6351	6358	6365	6372	6379	6386	6393	6400	6407	6414	6421	6428	6435	6443	6451	6459	6466	6474	6482	6490	6498	6506	6514	6522	6529	6537	6545	6553	6561	6569	6577	6585	6592	6600	6608	6616	6624	6632	6640	6647	6655	6663	6671	6679	6687	6695	6703	6710	6718	6726	6734	6742	6750	6758	6766	6773	6781	6789	6797	6800	6802	6805	6808	6811	6813	6816	6819	6821	6824	6827	6830	6832	6835	6838	6840	6843	6846	6849	6851	6854	6857	6859	6862	6865	6868	6870	6873	6876	6878	6881	6884	6887	6889	6892	6895	6897	6900	6903	6906	6908	6911	6914	6916	6919	6922	6925	6927	6930	6933	6935	6938	6941	6944	6946	6949	6952	6954	6957	6960	6963	6965	6968	6971	6973	6976	6979	6982	6984	6987	6990	6992	6995	6998	7001	7003	7006	7009	7011	7014	7017	7020	7022	7025	7029	7034	7038	7042	7047	7051	7056	7060	7064	7069	7073	7077	7082	7086	7090	7095	7099	7103	7108	7112	7117	7121	7125	7130	7134	7138	7143	7147	7151	7156	7160	7164	7169	7173	7178	7182	7186	7191	7195	7199	7204	7208	7212	7217	7221	7225	7230	7234	7239	7243	7247	7252	7256	7260	7265	7269	7273	7278	7282	7286	7291	7295	7300	7304	7308	7313	7317	7321	7326	7330	7334	7339	7343	7347	7352	7356	7361	7365	7369	7374	7378	7382	7387	7391	7395	7400	7404	7408	7413	7417	7422	7426	7430	7435	7439	7443	7448	7452	7456	7461	7465	7469	7474	7478	7483	7487	7491	7496	7500	7507	7513	7520	7526	7533	7539	7546	7552	7559	7565	7572	7578	7585	7591	7598	7604	7611	7617	7624	7630	7637	7643	7650	7657	7663	7670	7676	7683	7689	7696	7702	7709	7715	7722	7728	7735	7741	7748	7754	7761	7767	7774	7780	7787	7793	7800	7802	7803	7805	7806	7808	7809	7811	7813	7814	7816	7817	7819	7820	7822	7824	7825	7827	7828	7830	7831	7833	7835	7836	7838	7839	7841	7842	7844	7845	7847	7849	7850	7852	7853	7855	7856	7858	7860	7861	7863	7864	7866	7867	7869	7871	7872	7874	7875	7877	7878	7880	7882	7883	7885	7886	7888	7889	7891	7893	7894	7896	7897	7899	7900	7902	7904	7905	7907	7908	7910	7911	7913	7915	7916	7918	7919	7921	7922	7924	7925	7927	7929	7930	7932	7933	7935	7936	7938	7940	7941	7943	7944	7946	7947	7949	7951	7952	7954	7955	7957	7958	7960	7963	7966	7969	7972	7975		7982	7985	7988	7991	7994	7997	8000	8003	8006	8009	8012	8015	8019	8022	8025	8028	8031	8034	8037	8043	8049	8055	8061	8067	8072	8078	8084	8090	8096	8102	8107	8113	8118	8123	8129	8134	8139	8145	8150	8153	8156	8160	8163	8166	8169	8172	8176	8179	8182	8185	8188	8192	8195	8198	8201	8205	8208	8211	8214	8217	8221	8224	8227	8234	8240	8247	8254	8260	8267		
COVID-19	inc	World, 2019 - now	https://en.wikipedia.org/wiki/2019%E2%80%9320_coronavirus_pandemic	2019-12-31	8794	0	0	0	0	0	0	0	0	0	0	1	1	1	1	1	2	2	2	3	6	9	17	26	45	60	84	110	137	176	220	266	311	369	433	500	573	646	732	826	924	1032	1129	1275	1397	1530	1672	1778	1876	2012	2129	2250	2363	2463	2621	2702	2766	2803	2861	2926	2980	3053	3120	3205	3288	3391	3497	3603	3832	4029	4306	4638	4994	5446	5867	6574	7233	8071	9067	10195	11616	13284	14977	16975	19555	22196	25321	28880	32743	36253	40568	45341	50751	57167	63401	69802	75157	80952	88803	95845	103832	111197	117712	123619	129576	137272	145712	152964	161788	168725	173959	180002	187745	194696	201874	208715	215285	219658	224875	232366	239485	245850	252289	258579	263043	267977	274523	281882	288299	294446	299443	304536	308926	315451	321145	327047	332901	337966	341958	346319	352263	357631	363368	368776	373586	377659	381975	386661	392374	397663	403139	408011	412076	416147	421710	427311	432971	438269	443127	447478	451646	457278	463126	468716	474044	479113	483396	487856	495288	501130	506962	512724	517793	522128	526133	531952	537443	542948	548250	553315	557503	562101	567836	573336	578925	584549	589600	593811	598271	604401	610273	616267	622150	627696	632607	637303	643546	649836	656367	662563	668195	673192	678105	684685	692146	698971	705682	711845	716572	721521	727853	735085	742460	749217	755282	760085	765282	772155	779465	786327	793218	799175	804439	809648	816443	823392	830311	836782	842796	847806	852920	859840	866768	873267	879768	885763	890629	895545	902235	908815	915204	921361	927023	931552	936368	942818	949301	955454	961535	966712	971225	975567	980470	986637	992621	998562	1003781	1008020	1012706	1019038	1025065	1030778	1036645	1041770	1045996	1050138	1055900	1061847	1067340	1072856	1078144	1082125	1085975	1091753	1097502	1103109	1108819	1113700	1117930	1122534	1128402	1134404	1140973	1146959	1152314	1156680	1160802	1166115	1172301	1178466	1184835	1190662	1194960	1199795	1206325	1213228	1219742	1226399	1232377	1237203	1242718	1250123	1257356	1264639	1272280	1279147	1284905	1291186	1299808	1309312	1318312	1327709	1335692	1342273	1349604	1359352	1369676	1379400	1389456	1399044	1406404	1414363	1425260	1437176	1448494	1459779	1469250	1477331	1486039	1498323	1510588	1521842	1532903	1542727	1550725	1559705	1572231	1584802	1597652	1610197	1620861	1629113	1638131	1650739	1663366	1676391	1689093	1700275	1708801	1718378	1731966	1745795	1759253	1772162	1783711	1792702	1802908	1816627	1830460	1842799	1852020	1859972	1868451	1878518	1893336	1908813	1922899	1933244	1942296	1950656	1961020	1975782	1990812	2005710	2021184	2034272	2043954	2054334	2071012	2087787	2103733	2119130	2133126	2143039	2153378	2169400	2186901	2203822	2219920	2234572	2244858	2255704	2272837	2290282	2307154	2322477	2335657	2345562	2355985	2371623	2387208	2401637	2415910	2427617	2435777	2445036	2458934	2472748	2486101	2498404	2509004	2516258	2523626	2534021	2545348	2556905	2568229	2577111	2584020	2591253	2602212	2612922	2623607	2633548	2642121	2648768	2656061	2666149	2677003	2687205	2697031	2705190	2711289	2718388	2727721	2737787	2747662	2757279	2765660	2771829	2779152	2789501	2799941	2810121	2820661	2829270	2835574	2843196	2854097	2864514	2875325	2887067	2897180	2904444	2912526	2923940	2936215	2948037	2958715	2967985	2975583	2983674	2996179	3009419	3023475	3037042	3048471	3057417	3066965	3080261	3094113	3108397	3121419	3133571	3143648	3154274	3168988	3183353	3197205	3211909	3226023	3236503	3248011	3263636	3279385	3295197	3309867	3323965	3334742	3346277	3361049	3376374	3391023	3405485	3419080	3430024	3441567	3456132	3470815	3485305	3499363	3512886	3523568	3535094	3549999	3563787	3577796	3591513	3603228	3613721	3623373	3636229	3649112	3661069	3673127	3684132	3692677	3701623	3712778	3724111	3735267	3745801	3755162	3762926	3770874	3781159	3791379	3801564	3810996	3819635	3826519	3833311	3842553	3852058	3860797	3869402	3877677	3884038	3890216	3898854	3907578	3915789	3924558																																																																																																																																																																																																																																																																				
Ebola	inc	West Africa, 2014	https://en.wikipedia.org/wiki/Western_African_Ebola_virus_epidemic	2014-03-25	11328	59	60	77	77	77	77	77	82	88	90	93	96	99	102	106	110	115	117	120	123	126	129	132	135	136	138	140	142	144	147	148	149	151	152	154	155	157	158	160	162	164	166	166	166	166	166	167	167	167	167	168	169	171	173	174	176	178	179	181	183	184	185	186	187	200	201	203	204	206	208	215	223	231	235	239	244	248	253	270	279	289	298	308	317	327	337	337	337	337	337	337	338	354	370	386	402	418	434	450	467	469	472	475	478	481	518	521	525	528	532	535	539	570	601	607	613	619	625	632	641	650	660	663	666	669	672	690	709	728	760	792	825	886	904	922	940	959	972	985	998	1011	1066	1071	1076	1113	1150	1187	1225	1285	1346	1422	1442	1463	1484	1504	1525	1546	1607	1668	1729	1790	1852	1913	1974	2035	2097	2192	2288	2288	2288	2288	2288	2329	2370	2411	2453	2537	2622	2667	2712	2757	2803	2856	2909	2996	3083	3132	3181	3231	3280	3330	3380	3431	3516	3601	3686	3771	3857	3940	4024	4116	4208	4300	4392	4484	4515	4546	4630	4714	4799	4883	4968	4968	4968	4968	4968	4968	4968	4968	4968	4968	4968	4968	4968	4968	4968	4968	4968	5003	5039	5075	5111	5147	5156	5165	5213	5261	5309	5357	5406	5425	5444	5490	5536	5582	5628	5674	5830	5987	6000	6014	6027	6041	6055	6100	6145	6191	6236	6282	6327	6373	6448	6523	6598	6674	6749	6824	6900	6996	7092	7188	7284	7380	7476	7573	7618	7663	7708	7753	7798	7843	7889	7936	7983	8030	8078	8125	8172	8220	8247	8275	8303	8330	8358	8386	8414	8444	8474	8504	8535	8565	8595	8626	8650	8674	8698	8722	8746	8770	8795	8819	8843	8868	8892	8917	8941	8966	8994	9022	9050	9078	9106	9134	9162	9191	9220	9249	9278	9307	9336	9365	9397	9429	9461	9493	9525	9557	9589	9618	9647	9676	9705	9734	9763	9792	9816	9840	9864	9888	9912	9936	9961	9992	10023	10054	10085	10116	10147	10179	10197	10216	10235	10254	10273	10292	10311	10338	10350	10366	10382	10398	10445	10445	10462	10484	10506	10528	10550	10573	10573	10584	10587	10592	10598	10604	10611	10689	10699	10702	10715	10721	10814	10820	10824	10833	10842	10863	10884	10887	10890	10892	10893	10894	10895	10980	11006	11007	11007	11026	11045	11064	11065	11068	11072	11074	11088	11102	11117	11120	11121	11122	11125	11127	11129	11131	11134	11137	11140	11142	11143	11144	11145	11147	11147	11148	11148	11149	11149	11154	11158	11160	11163	11163	11164	11166	11168	11169	11171	11173	11178	11185	11192	11199	11207	11212	11217	11217	11217	11218	11218	11219	11220	11220	11224	11229	11328	11328	11328	11328	11328	11328	11328	11328	11328	11328	11328	11328	11328	11328	11328	11328	11328	11328	11328	11328	11328	11328	11328	11328	11328	11328	11328	11328	11328	11328	11328	11328	11328	11328	11328	11328	11328	11328	11328	11328	11328	11328	11328	11328	11328	11328	11328	11328	11328	11328	11328	11328	11328	11328	11328	11328	11328	11328	11328	11328	11328	11328	11328	11328	11328	11328	11328	11328	11328	11328	11328	11328	11328	11328	11328	11328	11328	11328	11328	11328	11328	11328	11328	11328	11328	11328	11328	11328	11328	11328	11328	11328	11328	11328	11328	11328	11328	11328	11328	11328	11328	11328	11328	11328	11328	11328	11328	11328	11328	11328	11328	11328	11328	11328	11328	11328	11328	11328	11328	11328	11328	11328	11328	11328	11328	11328	11328	11328	11328	11328	11328	11328	11328	11328	11328	11328	11328	11328	11328	11328	11328	11328	11328	11328	11328	11328	11328	11328	11328	11328	11328	11328	11328	11328	11328	11328	11328	11328	11328	11328	11328	11328	11328	11328	11328	11328	11328	11328	11328	11328	11328	11328	11328	11328	11328	11328	11328	11328	11328	11328	11328	11328	11328	11328	11328	11328	11328	11328	11328	11328	11328	11328	11328	11328	11328	11328	11328	11328	11328	11328	11328	11328	11328	11328	11328	11328	11328	11328	11328	11328	11328	11328	11328	11328	11328	11328	11328	11328	11328	11328	11328	11328	11328	11328	11328	11328	11328	11328	11328	11328	11328	11328	11328	11328	11328	11328	11328	11328	11328	11328	11328	11328	11328	11328	11328	11328	11328	11328	11328	11328	11328	11328	11328	11328	11328	11328	11328	11328	11328	11328	11328	11328	11328	11328	11328	11328	11328	11328	11328	11328	11328	11328	11328	11328	11328	11328	11328	11328	11328	11328	11328	11328	11328	11328	11328	11328	11328	11328	11328	11328	11328	11328	11328	11328	11328	11328	11328	11328	11328	11328	11328	11328	11328	11328	11328	11328	11328	11328	11328	11328	11328	11328	11328	11328	11328	11328	11328	11328	11328	11328	11328	11328	11328	11328	11328	11328	11328	11328	11328	11328	11328	11328	11328	11328	11328		
Swine Flu	inc	World, 2009-10	https://en.wikipedia.org/wiki/2009_flu_pandemic	2009-03-17	12220	0	0	0	0	0	0	0	0	0	0	0	0	0	0	0	0	0	0	0	0	0	0	0	0	0	0	0	0	0	0	0	0	0	0	0	0	0	0	0	0	0	0	0	1	2	3	4	6	8	11	14	17	20	24	28	33	38	43	48	54	60	67	74	79	79	85	86	86	88	90	91	94	97	99	104	109	114	115	116	121	124	129	134	138	139	140	143	145	151	157	164	172	180	189	198	208	218	228	239	251	263	276	289	302	316	331	346	361	377	394	411	428	447	465	484	502	521	539	557	576	594	613	631	650	668	687	705	723	742	760	779	797	815	900	984	1069	1153	1205	1256	1308	1359	1410	1462	1510	1558	1606	1654	1702	1750	1798	1837	1876	1914	1953	1991	2030	2069	2107	2146	2185	2278	2371	2464	2557	2650	2743	2836	2889	2942	2994	3047	3099	3152	3205	3245	3285	3325	3365	3405	3445	3486	3547	3609	3670	3732	3793	3855	3916	3944	3971	3998	4026	4053	4080	4108	4167	4227	4286	4346	4405	4465	4525	4555	4584	4615	4645	4674	4705	4735	4778	4822	4866	4910	4954	4999	5088	5177	5266	5355	5444	5533	5622	5711	5751	5791	5831	5871	5911	5951	5991	6031	6071	6128	6189	6251	6315	6382	6450	6521	6593	6668	6745	6824	6906	6989	7074	7162	7251	7343	7437	7533	7631	7731	7833	7938	8044	8153	8264	8376	8491	8608	8727	8849	8972	9098	9225	9355	9487	9621	9757	9895	10035	10177	10322	10468	10617	10768	10921	11076	11233	11392	11553	11717	11882	12050	12220	12302	12383	12464	12544	12624	12703	12781	12858	12934	13010	13085	13160	13234	13307	13379	13451	13522	13592	13662	13731	13800	13867	13934	14001	14066	14131	14196	14260	14323	14385	14447	14508	14569	14629	14688	14747	14805	14863	14920	14976	15032	15087	15141	15195	15249	15301	15354	15405	15456	15507	15556	15606	15654	15703	15750	15797	15844	15890	15935	15980	16024	16068	16112	16154	16196	16238	16279	16320	16360	16400	16439	16478	16516	16553	16591	16627	16663	16699	16734	16769	16803	16837	16871	16903	16936	16968	16999	17030	17061	17091	17121	17150	17179	17207	17235	17263	17290	17317	17343	17369	17395	17420	17444	17469	17493	17516	17539	17562	17584	17606	17628	17649	17670	17690	17710	17730	17750	17769	17787	17806	17824	17841	17859	17876	17893	17909	17925	17941	17956	17971	17986	18000	18014	18028	18042	18055	18068	18081	18093	18105	18117	18129	18140	18151	18162	18172	18182	18192	18202	18212	18221	18230	18239	18247	18255	18263	18271	18279	18286	18293	18300	18307	18314	18320	18326	18332	18338	18343	18349	18354	18359	18364	18368	18373	18377	18381	18385	18389	18392	18396	18399	18403	18406	18409	18411	18414	18416	18419	18421	18423	18425	18427	18429	18431	18432	18434	18435	18437	18438	18439	18440	18441	18442	18443	18444	18444	18445	18445	18446	18446	18447	18447	18447	18448	18448	18448	18448	18448	18448	18448	18448	18448	18448	18448	18448	18449	18449	18449	18449	18449	18449	18449	18449	18449	18449	18449	18449	18449	18449	18449	18449	18449	18449	18449	18449	18449	18449	18449	18449	18449	18449	18449	18449	18449	18449	18449	18449	18449	18449	18449	18449	18449	18449	18449	18449	18449	18449	18449	18449	18449	18449	18449	18449	18449	18449	18449	18449	18449	18449	18449	18449	18449	18449	18449	18449	18449	18449	18449	18449	18449	18449	18449	18449	18449	18449	18449	18449	18449	18449	18449	18449	18449	18449	18449	18449	18449	18449	18449	18449	18449	18449	18449	18449	18449	18449	18449	18449	18449	18449	18449	18449	18449	18449	18449	18449	18449	18449	18449	18449	18449	18449	18449	18449	18449	18449	18449	18449	18449	18449	18449	18449	18449	18449	18449	18449	18449	18449	18449	18449	18449	18449	18449	18449	18449	18449	18449	18449	18449	18449	18449	18449	18449	18449	18449	18449	18449	18449	18449	18449	18449	18449	18449	18449	18449	18449	18449	18449	18449	18449	18449	18449	18449	18449	18449	18449	18449	18449	18449	18449	18449	18449	18449	18449	18449	18449	18449	18449	18449	18449	18449	18449	18449	18449	18449	18449	18449	18449	18449	18449	18449	18449	18449	18449	18449	18449	18449	18449	18449	18449	18449	18449	18449	18449	18449	18449	18449	18449	18449	18449	18449	18449	18449	18449	18449	18449	18449	18449	18449	18449	18449	18449	18449	18449	18449	18449	18449	18449	18449	18449	18449	18449	18449	18449	18449	18449	18449	18449	18449	18449	18449	18449	18449	18449	18449	18449	18449	18449	18449	18449	18449	18449	18449	18449	18449	18449	18449	18449	18449	18449	18449	18449	18449	18449	18449	18449	18449	18449	18449	18449	18449	18449	18449	18449																							
SARS	inc	China & Hong Kong, 2002-04	https://en.wikipedia.org/wiki/2002%E2%80%932004_SARS_outbreak	2003-03-10	813	0	0	1	1	2	2	3	4	4	9	10	10	11	14	17	17	49	53	53	54	56	58	62	78	79	84	89	93	98	103	106	111	116	119	131	144	154	159	165	182	182	199	217	229	251	263	274	293	307	321	353	372	391	417	435	448	461	478	495	506	514	526	539	552	573	587	598	611	623	633	643	662	666	682	689	696	710	725	735	745	750	754	764	767	770	772	772	775	779	780	782	784	789	789	790	792	794	796	799	799	801	804	804	804	804	805	807	808	809	810	810	810	811	812	812	812	812	812	812	812	812	812	812	813	813	813	813	813	813	813	813	813	813	813	813	813	813	813	813	813	813	813	813	813	813	813	813	813	813	813	813	813	813	813	813	813	813	813	813	813	813	813	813	813	813	813	813	813	813	813	813	813	813	813	813	813	813	813	813	813	813	813	813	813	813	813	813	813	813	813	813	813	813	813	813	813	813	813	813	813	813	813	813	813	813	813	813	813	813	813	813	813	813	813	813	813	813	813	813	813	813	813	813	813	813	813	813	813	813	813	813	813	813	813	813	813	813	813	813	813	813	813	813	813	813	813	813	813	813	813	813	813	813	813	813	813	813	813	813	813	813	813	813	813	813	813	813	813	813	813	813	813	813	813	813	813	813	813	813	813	813	813	813	813	813	813	813	813	813	813	813	813	813	813	813	813	813	813	813	813	813	813	813	813	813	813	813	813	813	813	813	813	813	813	813	813	813	813	813	813	813	813	813	813	813	813	813	813	813	813	813	813	813	813	813	813	813	813	813	813	813	813	813	813	813	813	813	813	813	813	813	813	813	813	813	813	813	813	813	813	813	813	813	813	813	813	813	813	813	813	813	813	813	813	813	813	813	813	813	813	813	813	813	813	813	813	813	813	813	813	813	813	813	813	813	813	813	813	813	813	813	813	813	813	813	813	813	813	813	813	813	813	813	813	813	813	813	813	813	813	813	813	813	813	813	813	813	813	813	813	813	813	813	813	813	813	813	813	813	813	813	813	813	813	813	813	813	813	813	813	813	813	813	813	813	813	813	813	813	813	813	813	813	813	813	813	813	813	813	813	813	813	813	813	813	813	813	813	813	813	813	813	813	813	813	813	813	813	813	813	813	813	813	813	813	813	813	813	813	813	813	813	813	813	813	813	813	813	813	813	813	813	813	813	813	813	813	813	813	813	813	813	813	813	813	813	813	813	813	813	813	813	813	813	813	813	813	813	813	813	813	813	813	813	813	813	813	813	813	813	813																																																																																																																																																																																																																																																											
Measles	inc	DRC, 2019 - now	https://en.wikipedia.org/wiki/2019%E2%80%9320_measles_outbreak_in_the_Democratic_Republic_of_the_Congo	2019-01-01	5001	0	0	0	1	1	1	2	3	4	5	6	7	8	10	11	13	15	17	19	21	23	26	28	31	33	36	39	42	45	49	52	56	59	63	67	71	75	79	84	88	93	97	102	107	112	117	122	128	133	139	145	151	156	163	169	175	181	188	195	201	208	215	222	230	237	244	252	260	268	276	284	292	300	308	317	326	334	343	352	361	370	380	389	399	408	418	428	438	448	458	469	479	490	501	511	522	533	544	556	567	579	590	602	614	626	638	650	663	675	688	700	713	726	739	752	765	779	792	806	819	833	847	861	875	890	904	919	933	948	963	978	993	1008	1024	1039	1055	1070	1086	1102	1118	1134	1150	1167	1183	1200	1217	1234	1250	1268	1285	1302	1319	1337	1355	1372	1390	1408	1426	1445	1463	1481	1500	1519	1538	1557	1576	1596	1615	1634	1653	1672	1691	1710	1729	1749	1768	1787	1806	1825	1844	1863	1882	1901	1921	1940	1959	1978	1997	2016	2035	2054	2074	2093	2112	2131	2150	2169	2188	2207	2226	2246	2265	2284	2303	2322	2341	2360	2379	2399	2418	2437	2456	2475	2494	2513	2532	2552	2571	2590	2609	2628	2647	2666	2685	2704	2724	2743	2762	2781	2800	2819	2838	2857	2877	2896	2915	2934	2953	2979	3005	3031	3057	3083	3109	3135	3161	3187	3213	3239	3265	3291	3317	3343	3369	3395	3421	3447	3473	3499	3524	3550	3576	3602	3628	3654	3680	3706	3732	3758	3784	3810	3836	3862	3888	3914	3940	3966	3992	4018	4044	4070	4096	4115	4133	4152	4171	4189	4208	4227	4246	4264	4283	4302	4320	4339	4358	4376	4395	4414	4433	4451	4470	4489	4507	4526	4545	4563	4582	4601	4620	4638	4657	4676	4694	4713	4732	4750	4769	4788	4807	4825	4844	4863	4881	4900	4917	4934	4950	4967	4984	5001	5001	5001	5001	5001	5001	5001	5001	5001	5001	5001	5001	5001	5001	5001	5001	5001	5001	5001	5001	5001	5001	5001	5001	5001	5001	5001	5001	5001	5001	5001	5001	5001	5001	5001	5001	5001	5001	5001	5001	5001	5001	5001	5001	5001	5001	5001	5001	5001	5001	5001	5001	5001	5001	5001	5001	5001	5001	5001	5001	5001	5001	5001	5001	5001	5001	5001	5001	5001	5001	5001	5001	5001	5001	5001	5001	5001	5001	5001	5001	5001	5001	5001	5001	5001	5001	5001	5001	5001	5001	5001	5001	5001	5001	5001	5001	5001	5001	5001	5001	5001	5001	5001	5001	5001	5001	5001	5001	5001	5001	5001	5001	5001	5001	5001	5001	5001	5001	5001	5001	5001	5001	5001	5001	5001	5001	5001	5001	5001	5001	5001	5001	5001	5001	5001	5001	5001	5001	5001	5001	5001	5001	5001	5001	5001	5001	5001	5001	5001	5001	5001	5001	5001	5001	5001	5001	5001	5001	5001	5001	5001	5001	5001	5001	5001	5001	5001	5001	5001	5001	5001	5001	5001	5001	5001	5001	5001	5001	5001	5001	5001	5001	5001	5001	5001	5001	5001	5001	5001	5001	5001	5001	5001	5001	5001	5001	5001	5001	5001	5001	5001	5001	5001	5001	5001	5001	5001	5001	5001	5001	5001	5001	5001	5001	5001	5001	5001	5001	5001	5001	5001	5001	5001	5001	5001	5001	5001	5001	5001	5001	5001	5001	5001	5001	5001	5001	5001	5001	5001	5001	5001	5001	5001	5001	5001	5001	5001	5001	5001	5001	5001	5001	5001	5001	5001	5001	5001	5001	5001	5001	5001	5001	5001	5001	5001	5001	5001	5001	5001	5001	5001	5001	5001	5001	5001	5001	5001	5001	5001	5001	5001	5001	5001	5001	5001	5001	5001	5001	5001	5001	5001	5001	5001	5001	5001	5001	5001	5001	5001	5001	5001	5001	5001	5001	5001	5001	5001	5001	5001	5001	5001	5001	5001	5001	5001	5001	5001	5001	5001	5001	5001	5001	5001	5001	5001	5001	5001	5001	5001	5001	5001	5001	5001	5001	5001	5001	5001	5001	5001	5001	5001	5001	5001	5001	5001	5001	5001	5001	5001	5001	5001	5001	5001	5001	5001	5001	5001	5001	5001	5001	5001	5001	5001	5001	5001	5001	5001	5001	5001	5001	5001	5001	5001	5001	5001	5001	5001	5001	5001	5001	5001	5001	5001	5001	5001	5001	5001	5001	5001	5001	5001	5001	5001	5001	5001	5001	5001	5001	5001	5001	5001	5001	5001	5001	5001	5001	5001	5001	5001	5001	5001	5001	5001	5001	5001	5001	5001	5001	5001	5001	5001	5001	5001	5001	5001	5001	5001	5001	5001	5001	5001	5001	5001	5001	5001	5001	5001	5001	5001	5001	5001	5001	5001	5001	5001	5001	5001	5001	5001	5001	5001	5001	5001	5001	5001	5001	5001	5001	5001	5001	5001	5001	5001	5001	5001	5001	5001	5001	5001	5001		
Cholera	inc	Zimbabwe, 2008-09	https://en.wikipedia.org/wiki/2008_Zimbabwean_cholera_outbreak#Impact	2008-08-31	4293	0	1	2	2	3	4	5	6	6	7	8	9	10	10	11	12	13	13	14	15	16	17	17	18	19	20	21	21	22	23	23	24	24	25	25	26	27	27	28	28	29	30	30	31	31	32	32	33	34	34	35	35	36	36	37	38	38	39	39	40	40	41	42	42	43	46	50	54	57	61	64	86	107	128	171	193	257	278	300	321	321	343	343	343	364	364	364	385	385	385	428	471	514	557	557	578	578	599	599	621	706	728	749	771	792	813	878	899	920	942	985	1049	1070	1113	1156	1220	1242	1284	1306	1327	1349	1391	1413	1434	1477	1499	1520	1541	1563	1606	1627	1648	1670	1755	1777	1820	1862	1905	1927	1948	2012	2077	2141	2184	2248	2312	2398	2462	2526	2569	2633	2676	2697	2762	2826	2890	2954	2976	3018	3040	3061	3104	3126	3168	3211	3275	3318	3340	3404	3447	3489	3511	3532	3575	3596	3639	3661	3661	3682	3725	3746	3768	3811	3832	3841	3850	3859	3867	3876	3884	3892	3900	3908	3916	3924	3932	3939	3947	3954	3961	3968	3975	3982	3989	3995	4002	4008	4015	4021	4027	4033	4039	4045	4051	4057	4062	4068	4073	4079	4084	4089	4094	4099	4104	4109	4114	4119	4124	4128	4133	4137	4142	4146	4150	4155	4159	4163	4167	4171	4175	4178	4182	4186	4190	4193	4197	4200	4204	4207	4211	4214	4217	4220	4223	4227	4230	4233	4236	4239	4241	4244	4247	4250	4252	4255	4258	4260	4263	4265	4268	4270	4273	4275	4277	4280	4282	4284	4286	4289	4291	4293	4295	4297	4299	4301	4303	4305	4306	4308	4310	4312	4314	4315	4317	4319	4321	4322	4324	4325	4327	4328	4330	4331	4333	4334	4336	4337	4339	4340	4341	4343	4344	4345	4346	4348	4349	4350	4351	4353	4354	4355	4356	4357	4358	4359	4360	4361	4362	4363	4364	4365	4366	4367	4368	4369	4369	4369	4369	4369	4369	4369	4369	4369	4369	4369	4369	4369	4369	4369	4369	4369	4369	4369	4369	4369	4369	4369	4369	4369	4369	4369	4369	4369	4369	4369	4369	4369	4369	4369	4369	4369	4369	4369	4369	4369	4369	4369	4369	4369	4369	4369	4369	4369	4369	4369	4369	4369	4369	4369	4369	4369	4369	4369	4369	4369	4369	4369	4369	4369	4369	4369	4369	4369	4369	4369	4369	4369	4369	4369	4369	4369	4369	4369	4369	4369	4369	4369	4369	4369	4369	4369	4369	4369	4369	4369	4369	4369	4369	4369	4369	4369	4369	4369	4369	4369	4369	4369	4369	4369	4369	4369	4369	4369	4369	4369	4369	4369	4369	4369	4369	4369	4369	4369	4369	4369	4369	4369	4369	4369	4369	4369	4369	4369	4369	4369	4369	4369	4369	4369	4369	4369	4369	4369	4369	4369	4369	4369	4369	4369	4369	4369	4369	4369	4369	4369	4369	4369	4369	4369	4369	4369	4369	4369	4369	4369	4369	4369	4369	4369	4369	4369	4369	4369	4369	4369	4369	4369	4369	4369	4369	4369	4369	4369	4369	4369	4369	4369	4369	4369	4369	4369	4369	4369	4369	4369	4369	4369	4369	4369	4369	4369	4369	4369	4369	4369	4369	4369	4369	4369	4369	4369	4369	4369	4369	4369	4369	4369	4369	4369	4369	4369	4369	4369	4369	4369	4369	4369	4369	4369	4369	4369	4369	4369	4369	4369	4369	4369	4369	4369	4369	4369	4369	4369	4369	4369	4369	4369	4369	4369	4369	4369	4369	4369	4369	4369	4369	4369	4369	4369	4369	4369	4369	4369	4369	4369	4369	4369	4369	4369	4369	4369	4369	4369	4369	4369	4369	4369	4369	4369	4369	4369	4369	4369	4369	4369	4369	4369	4369	4369	4369	4369	4369	4369	4369	4369	4369	4369	4369	4369	4369	4369	4369	4369	4369	4369	4369	4369	4369	4369	4369	4369	4369	4369	4369	4369	4369	4369	4369	4369	4369	4369	4369	4369	4369	4369	4369	4369	4369	4369	4369	4369	4369	4369	4369	4369	4369	4369	4369	4369	4369	4369	4369	4369	4369	4369	4369	4369	4369	4369	4369	4369	4369	4369	4369	4369	4369	4369	4369	4369	4369	4369	4369	4369	4369	4369	4369	4369	4369	4369	4369	4369	4369	4369	4369	4369	4369	4369	4369	4369	4369	4369	4369	4369	4369	4369	4369	4369	4369	4369	4369	4369	4369	4369	4369	4369	4369	4369	4369	4369	4369	4369	4369	4369	4369	4369	4369	4369	4369	4369	4369	4369	4369	4369	4369	4369	4369	4369	4369	4369	4369	4369	4369	4369	4369	4369	4369	4369	4369	4369	4369	4369	4369	4369	4369	4369	4369	4369	4369	4369	4369	4369	4369	4369	4369	4369	4369	4369	4369	4369	4369	4369	4369	4369	4369	4369	4369	4369	4369	4369	4369	4369	4369	4369	4369	4369	4369	4369	4369	4369	4369		
Cholera	inc	Yemen, 2016 - now	https://en.wikipedia.org/wiki/2016%E2%80%9320_Yemen_cholera_outbreak#Statistics	2016-10-06	3886	0	0	0	0	0	0	0	0	0	1	1	1	2	2	2	2	3	3	9	15	21	27	33	39	45	47	48	48	49	50	50	51	52	53	54	55	56	56	57	58	59	60	61	62	63	64	65	66	67	68	70	72	74	76	78	80	82	83	84	85	86	87	88	89	90	90	91	91	92	92	93	93	93	94	94	94	95	95	95	96	96	96	97	97	97	97	97	98	98	98	98	98	98	99	99	99	99	99	99	99	99	99	99	99	99	99	99	99	99	100	100	100	100	100	100	100	100	100	100	101	101	101	101	101	101	101	101	101	101	102	102	102	102	102	102	102	102	102	102	103	103	103	103	103	103	103	103	103	103	103	103	103	103	103	104	104	104	105	105	106	106	106	107	107	107	108	108	108	109	109	109	110	110	110	111	111	111	112	112	112	113	113	113	114	114	114	114	115	115	115	116	116	116	117	117	117	118	118	118	119	119	119	120	120	131	141	152	162	173	183	194	204	215	225	236	246	257	267	278	288	299	309	320	330	341	351	362	380	399	417	435	453	472	490	508	527	545	563	581	600	618	636	655	673	691	709	728	746	795	843	892	940	989	1024	1059	1094	1128	1163	1198	1233	1259	1285	1311	1338	1364	1390	1416	1447	1478	1509	1541	1572	1603	1634	1647	1660	1673	1686	1699	1712	1725	1738	1751	1764	1777	1790	1801	1811	1822	1832	1843	1853	1864	1874	1885	1888	1891	1895	1898	1901	1904	1907	1911	1914	1917	1920	1924	1927	1930	1933	1936	1940	1943	1946	1949	1952	1956	1959	1962	1965	1968	1972	1975	1978	1981	1984	1988	1991	1994	1997	2001	2004	2007	2010	2013	2017	2020	2023	2026	2029	2033	2036	2039	2042	2045	2049	2052	2055	2058	2061	2065	2068	2071	2074	2078	2081	2084	2087	2090	2094	2097	2100	2103	2106	2110	2113	2116	2119	2122	2126	2129	2132	2135	2138	2142	2145	2148	2151	2155	2158	2161	2164	2167	2171	2174	2177	2180	2183	2186	2189	2193	2196	2199	2202	2205	2208	2211	2214	2217	2221	2224	2227	2230	2233	2236	2239	2242	2245	2249	2252	2255	2258	2261	2264	2267	2270	2273	2277	2280	2283	2286	2289	2292	2295	2298	2301	2305	2308	2311	2314	2317	2320	2323	2326	2329	2333	2336	2339	2342	2345	2346	2346	2347	2348	2348	2349	2349	2350	2351	2351	2352	2353	2353	2354	2354	2355	2356	2356	2357	2358	2358	2359	2360	2360	2361	2361	2362	2363	2363	2364	2364	2365	2365	2365	2365	2366	2366	2366	2367	2367	2367	2367	2368	2368	2368	2369	2369	2369	2370	2370	2370	2371	2371	2372	2372	2372	2373	2373	2373	2374	2374	2374	2375	2375	2376	2376	2376	2377	2377	2377	2378	2378	2378	2379	2379	2379	2380	2380	2381	2381	2381	2382	2382	2382	2383	2383	2384	2384	2384	2385	2385	2385	2386	2386	2387	2387	2387	2388	2388	2388	2389	2389	2390	2390	2390	2391	2391	2391	2391	2391	2392	2392	2392	2392	2392	2392	2392	2393	2393	2393	2393	2393	2393	2393	2394	2394	2394	2394	2394	2394	2394	2395	2395	2395	2395	2396	2397	2398	2399	2400	2401	2402	2403	2403	2404	2405	2406	2407	2408	2409	2410	2411	2411	2412	2412	2413	2413	2414	2414	2415	2415	2416	2416	2416	2417	2417	2418	2418	2419	2419	2420	2420	2420	2421	2421	2422	2422	2423	2423	2424	2424	2425	2425	2425	2426	2426	2427	2427	2428	2428	2429	2429	2430	2430	2432	2435	2437	2440	2442	2444	2447	2449	2451	2454	2456	2459	2461	2463	2466	2468	2470	2473	2475	2478	2480	2482	2485	2487	2490	2492	2494	2497	2499	2501	2504	2506	2509	2511	2513	2516	2518	2520	2523	2525	2528	2530	2532	2535	2537	2540	2542	2544	2547	2549	2551	2554	2556	2559	2561	2563	2566	2568	2570	2573	2575	2578	2580	2582	2585	2587	2590	2592	2594	2597	2599	2601	2604	2606	2609	2611	2613	2616	2618	2620	2623	2625	2628	2630	2629	2628	2627	2626	2625	2624	2624	2623	2622	2621	2620	2619	2618	2617	2616	2615	2614	2613	2612	2611	2610	2610	2609	2608	2607	2606	2605	2604	2604	2604	2604	2604	2604	2604	2604	2604	2604	2604	2604	2604	2604	2604	2604	2604	2604	2604	2604	2604	2604	2604	2604	2604	2604	2604	2604	2604	2604	2604	2604	2604	2604	2604	2604	2604	2604	2604	2604	2604	2604	2604	2604	2604	2604	2604	2604	2604	2604	2604	2604	2604	2604	2604		
Ebola	inc	DRC & Uganda, 2018 - now	https://en.wikipedia.org/wiki/Kivu_Ebola_epidemic#Countries_with_medically_evacuated_individuals	2018-08-01	2253	20	26	33	34	34	35	36	37	38	39	40	41	43	45	46	48	50	53	56	59	62	66	69	72	74	75	76	76	77	77	78	80	82	83	85	86	88	89	90	91	91	91	92	92	92	94	97	97	98	98	99	99	100	100	100	101	101	102	102	103	104	105	106	108	111	113	114	115	119	123	127	131	135	136	138	139	142	146	150	153	154	155	158	161	164	167	170	172	174	176	179	181	184	186	186	186	190	194	197	201	205	207	209	210	211	212	213	214	215	215	216	216	217	226	236	238	239	241	244	248	252	255	259	264	268	272	276	279	283	285	287	289	295	301	307	313	318	323	328	332	337	342	347	349	351	353	355	357	359	361	363	365	367	368	370	372	374	376	379	381	383	385	388	390	394	397	401	405	409	412	416	422	428	434	441	447	453	459	462	465	468	472	475	478	481	484	487	491	494	497	500	504	507	510	513	516	519	522	525	528	531	534	536	538	540	542	544	546	548	550	552	555	557	559	561	564	567	570	573	576	579	582	584	587	589	591	593	596	598	602	606	610	614	617	621	625	629	637	645	652	660	668	676	682	689	695	702	708	715	721	733	744	756	768	780	791	803	813	822	832	841	851	860	870	879	887	896	904	913	921	930	944	958	972	986	1000	1014	1028	1041	1053	1066	1079	1092	1104	1117	1130	1143	1156	1170	1183	1196	1209	1219	1228	1238	1248	1258	1267	1277	1286	1295	1304	1312	1321	1330	1339	1345	1352	1358	1365	1371	1378	1384	1392	1400	1408	1416	1424	1432	1440	1449	1459	1468	1478	1487	1497	1506	1514	1522	1530	1539	1547	1555	1563	1572	1581	1590	1598	1607	1616	1625	1631	1636	1642	1648	1654	1659	1665	1675	1686	1696	1706	1716	1727	1737	1743	1750	1756	1763	1769	1776	1782	1791	1799	1808	1817	1826	1834	1843	1849	1856	1862	1869	1875	1882	1888	1894	1900	1905	1911	1917	1922	1928	1934	1943	1951	1960	1969	1977	1986	1992	1999	2005	2012	2018	2025	2031	2036	2040	2045	2050	2055	2059	2064	2068	2071	2075	2079	2083	2086	2090	2094	2097	2101	2104	2108	2111	2115	2118	2120	2123	2125	2128	2130	2133	2135	2137	2139	2140	2142	2144	2146	2147	2147	2148	2148	2149	2149	2150	2153	2155	2158	2161	2164	2166	2169	2170	2172	2173	2174	2176	2177	2179	2180	2181	2182	2182	2183	2184	2185	2186	2187	2188	2190	2191	2192	2193	2193	2194	2194	2194	2194	2195	2195	2195	2196	2196	2197	2197	2198	2198	2199	2200	2200	2201	2202	2203	2204	2204	2205	2206	2207	2207	2208	2209	2210	2211	2212	2213	2214	2215	2216	2218	2219	2220	2221	2222	2223	2224	2225	2225	2226	2227	2227	2228	2228	2229	2230	2230	2231	2232	2232	2233	2234	2234	2235	2235	2236	2236	2237	2238	2238	2239	2239	2240	2240	2241	2242	2242	2243	2244	2244	2245	2246	2246	2247	2247	2248	2249	2249	2250	2250	2250	2251	2251	2251	2251	2252	2252	2252	2252	2252	2253	2253	2253	2254	2254	2255	2255	2256	2256	2257	2257	2258	2258	2259	2259	2260	2260	2261	2261	2262	2262	2263	2263	2264	2264	2265	2265	2266	2266	2267	2267	2268	2268	2268	2268	2268	2268	2268	2268	2268	2268	2268	2268	2268	2268	2268	2268	2268	2268	2268	2268	2268	2268	2268	2268	2268	2268	2268	2268	2268	2268	2268	2268	2268	2268	2268	2268	2268	2268	2268	2268	2268	2268	2268	2268	2268	2268	2268	2268	2268	2268	2268	2268	2268	2268	2268	2268	2268	2268	2268	2268	2268	2268	2268	2268	2268	2268	2268	2268	2268	2268	2268	2268	2268	2268	2268	2268	2268	2268	2268	2268	2268	2268	2268	2268	2268	2268	2268	2268	2268	2268	2268	2268	2268	2268	2268	2268	2268	2268	2268	2268	2268	2268	2268	2268	2268	2268	2268	2268	2268	2268	2268	2268	2268	2268	2268	2268	2268	2268	2268	2268	2268	2268	2268	2268	2268	2268	2268	2268	2268	2268	2268	2268	2268	2268	2268	2268	2268	2268	2268	2268	2268	2268	2268	2268	2268	2268	2268	2268	2268	2268	2268	2268	2268	2268	2268	2268	2268	2268	2268	2268	2268	2268	2268	2268	2268	2268	2268	2268	2268	2268	2268	2268	2268	2268	2268	2268	2268	2268	2268	2268	2268	2268	2268	2268	2268	2268	2268	2268	2268	2268	2268	2268	2268	2268	2268	2268	2268	2268	2268	2268	2268	2268	2268	2268	2268	2268	2268		
Swine Flu	inc	India, 2015	https://en.wikipedia.org/wiki/2015_Indian_swine_flu_outbreak	2015-01-01	2035	0	0	1	2	4	6	8	11	14	18	22	27	32	37	43	50	56	64	71	79	88	97	107	116	127	138	149	160	173	185	198	212	225	240	254	270	285	301	318	335	352	370	388	407	446	484	523	561	600	650	700	737	774	812	857	903	948	993	1039	1084	1129	1174	1220	1265	1310	1356	1401	1441	1481	1521	1561	1601	1641	1681	1721	1761	1801	1841	1868	1895	1924	1950	1973	1992	2007	2019	2028	2033	2035	2035	2035	2035	2035	2035	2035	2035	2035	2035	2035	2035	2035	2035	2035	2035	2035	2035	2035	2035	2035	2035	2035	2035	2035	2035	2035	2035	2035	2035	2035	2035	2035	2035	2035	2035	2035	2035	2035	2035	2035	2035	2035	2035	2035	2035	2035	2035	2035	2035	2035	2035	2035	2035	2035	2035	2035	2035	2035	2035	2035	2035	2035	2035	2035	2035	2035	2035	2035	2035	2035	2035	2035	2035	2035	2035	2035	2035	2035	2035	2035	2035	2035	2035	2035	2035	2035	2035	2035	2035	2035	2035	2035	2035	2035	2035	2035	2035	2035	2035	2035	2035	2035	2035	2035	2035	2035	2035	2035	2035	2035	2035	2035	2035	2035	2035	2035	2035	2035	2035	2035	2035	2035	2035	2035	2035	2035	2035	2035	2035	2035	2035	2035	2035	2035	2035	2035	2035	2035	2035	2035	2035	2035	2035	2035	2035	2035	2035	2035	2035	2035	2035	2035	2035	2035	2035	2035	2035	2035	2035	2035	2035	2035	2035	2035	2035	2035	2035	2035	2035	2035	2035	2035	2035	2035	2035	2035	2035	2035	2035	2035	2035	2035	2035	2035	2035	2035	2035	2035	2035	2035	2035	2035	2035	2035	2035	2035	2035	2035	2035	2035	2035	2035	2035	2035	2035	2035	2035	2035	2035	2035	2035	2035	2035	2035	2035	2035	2035	2035	2035	2035	2035	2035	2035	2035	2035	2035	2035	2035	2035	2035	2035	2035	2035	2035	2035	2035	2035	2035	2035	2035	2035	2035	2035	2035	2035	2035	2035	2035	2035	2035	2035	2035	2035	2035	2035	2035	2035	2035	2035	2035	2035	2035	2035	2035	2035	2035	2035	2035	2035	2035	2035	2035	2035	2035	2035	2035	2035	2035	2035	2035	2035	2035	2035	2035	2035	2035	2035	2035	2035	2035	2035	2035	2035	2035	2035	2035	2035	2035	2035	2035	2035	2035	2035	2035	2035	2035	2035	2035	2035	2035	2035	2035	2035	2035	2035	2035	2035	2035	2035	2035	2035	2035	2035	2035	2035	2035	2035	2035	2035	2035	2035	2035	2035	2035	2035	2035	2035	2035	2035	2035	2035	2035	2035	2035	2035	2035	2035	2035	2035	2035	2035	2035	2035	2035	2035	2035	2035	2035	2035	2035	2035	2035	2035	2035	2035	2035	2035	2035	2035	2035	2035	2035	2035	2035	2035	2035	2035	2035	2035	2035	2035	2035	2035	2035	2035	2035	2035	2035	2035	2035	2035	2035	2035	2035	2035	2035	2035	2035	2035	2035	2035	2035	2035	2035	2035	2035	2035	2035	2035	2035	2035	2035	2035	2035	2035	2035	2035	2035	2035	2035	2035	2035	2035	2035	2035	2035	2035	2035	2035	2035	2035	2035	2035	2035	2035	2035	2035	2035	2035	2035	2035	2035	2035	2035	2035	2035	2035	2035	2035	2035	2035	2035	2035	2035	2035	2035	2035	2035	2035	2035	2035	2035	2035	2035	2035	2035	2035	2035	2035	2035	2035	2035	2035	2035	2035	2035	2035	2035	2035	2035	2035	2035	2035	2035	2035	2035	2035	2035	2035	2035	2035	2035	2035	2035	2035	2035	2035	2035	2035	2035	2035	2035	2035	2035	2035	2035	2035	2035	2035	2035	2035	2035	2035	2035	2035	2035	2035	2035	2035	2035	2035	2035	2035	2035	2035	2035	2035	2035	2035	2035	2035	2035	2035	2035	2035	2035	2035	2035	2035	2035	2035	2035	2035	2035	2035	2035	2035	2035	2035	2035	2035	2035	2035	2035	2035	2035	2035	2035	2035	2035	2035	2035	2035	2035	2035	2035	2035	2035	2035	2035	2035	2035	2035	2035	2035	2035	2035	2035	2035	2035	2035	2035	2035	2035	2035	2035	2035	2035	2035	2035	2035	2035	2035	2035	2035	2035	2035	2035	2035	2035	2035	2035	2035	2035	2035	2035	2035	2035	2035	2035	2035	2035	2035	2035	2035	2035	2035	2035	2035	2035	2035	2035	2035	2035	2035	2035	2035	2035	2035	2035	2035	2035	2035	2035	2035	2035	2035	2035	2035	2035	2035	2035	2035	2035	2035	2035	2035	2035	2035	2035	2035	2035	2035	2035	2035	2035	2035	2035	2035	2035	2035	2035	2035	2035	2035	2035	2035	2035	2035	2035	2035	2035	2035	2035	2035	2035	2035	2035	2035	2035	2035	2035	2035	2035	2035	2035	2035	2035	2035	2035	2035	2035	2035	2035	2035	2035	2035	2035	2035	2035	2035	2035	2035	2035	2035	2035	2035	2035	2035	2035	2035		
Meningitis	inc	W Africa, 2009-10	https://en.wikipedia.org/wiki/2009%E2%80%9310_West_African_meningitis_outbreak	2009-01-01	931	0	0	2	3	6	9	13	18	24	30	37	45	53	62	72	82	93	105	117	130	144	158	172	187	203	219	235	252	269	287	305	323	342	361	380	399	419	439	459	479	499	520	540	560	580	601	621	641	661	681	701	720	739	758	777	795	813	831	848	865	881	897	913	928	942	956	970	983	995	1007	1018	1028	1038	1047	1055	1063	1070	1076	1082	1087	1091	1094	1097	1098	1100	1100	1100	1100	1100	1100	1100	1100	1100	1100	1100	1100	1100	1100	1100	1100	1100	1100	1100	1100	1100	1100	1100	1100	1100	1100	1100	1100	1100	1100	1100	1100	1100	1100	1100	1100	1100	1100	1100	1100	1100	1100	1100	1100	1100	1100	1100	1100	1100	1100	1100	1100	1100	1100	1100	1100	1100	1100	1100	1100	1100	1100	1100	1100	1100	1100	1100	1100	1100	1100	1100	1100	1100	1100	1100	1100	1100	1100	1100	1100	1100	1100	1100	1100	1100	1100	1100	1100	1100	1100	1100	1100	1100	1100	1100	1100	1100	1100	1100	1100	1100	1100	1100	1100	1100	1100	1100	1100	1100	1100	1100	1100	1100	1100	1100	1100	1100	1100	1100	1100	1100	1100	1100	1100	1100	1100	1100	1100	1100	1100	1100	1100	1100	1100	1100	1100	1100	1100	1100	1100	1100	1100	1100	1100	1100	1100	1100	1100	1100	1100	1100	1100	1100	1100	1100	1100	1100	1100	1100	1100	1100	1100	1100	1100	1100	1100	1100	1100	1100	1100	1100	1100	1100	1100	1100	1100	1100	1100	1100	1100	1100	1100	1100	1100	1100	1100	1100	1100	1100	1100	1100	1100	1100	1100	1100	1100	1100	1100	1100	1100	1100	1100	1100	1100	1100	1100	1100	1100	1100	1100	1100	1100	1100	1100	1100	1100	1100	1100	1100	1100	1100	1100	1100	1100	1100	1100	1100	1100	1100	1100	1100	1100	1100	1100	1100	1100	1100	1100	1100	1100	1100	1100	1100	1100	1100	1100	1100	1100	1100	1100	1100	1100	1100	1100	1100	1100	1100	1100	1100	1100	1100	1100	1100	1100	1100	1100	1100	1100	1100	1100	1100	1100	1100	1100	1100	1100	1100	1100	1100	1100	1100	1100	1100	1100	1100	1100	1100	1100	1100	1100	1100	1100	1100	1100	1100	1100	1100	1100	1100	1100	1100	1100	1100	1100	1100	1100	1100	1100	1100	1100	1100	1100	1100	1100	1100	1100	1100	1100	1100	1100	1100	1100	1100	1100	1100	1100	1100	1100	1100	1100	1100	1100	1100	1100	1100	1100	1100	1100	1100	1100	1100	1100	1100	1100	1100	1100	1100	1100	1100	1100	1100	1100	1100	1100	1100	1100	1100	1100	1100	1100	1100	1100	1100	1100	1100	1100	1100	1100	1100	1100	1100	1100	1100	1100	1100	1100	1100	1100	1100	1100	1100	1100	1100	1100	1100	1100	1100	1100	1100	1100	1100	1100	1100	1100	1100	1100	1100	1100	1100	1100	1100	1100	1100	1100	1100	1100	1100	1100	1100	1100	1100	1100	1100	1100	1100	1100	1100	1100	1100	1100	1100	1100	1100	1100	1100	1100	1100	1100	1100	1100	1100	1100	1100	1100	1100	1100	1100	1100	1100	1100	1100	1100	1100	1100	1100	1100	1100	1100	1100	1100	1100	1100	1100	1100	1100	1100	1100	1100	1100	1100	1100	1100	1100	1100	1100	1100	1100	1100	1100	1100	1100	1100	1100	1100	1100	1100	1100	1100	1100	1100	1100	1100	1100	1100	1100	1100	1100	1100	1100	1100	1100	1100	1100	1100	1100	1100	1100	1100	1100	1100	1100	1100	1100	1100	1100	1100	1100	1100	1100	1100	1100	1100	1100	1100	1100	1100	1100	1100	1100	1100	1100	1100	1100	1100	1100	1100	1100	1100	1100	1100	1100	1100	1100	1100	1100	1100	1100	1100	1100	1100	1100	1100	1100	1100	1100	1100	1100	1100	1100	1100	1100	1100	1100	1100	1100	1100	1100	1100	1100	1100	1100	1100	1100	1100	1100	1100	1100	1100	1100	1100	1100	1100	1100	1100	1100	1100	1100	1100	1100	1100	1100	1100	1100	1100	1100	1100	1100	1100	1100	1100	1100	1100	1100	1100	1100	1100	1100	1100	1100	1100	1100	1100	1100	1100	1100	1100	1100	1100	1100	1100	1100	1100	1100	1100	1100	1100	1100	1100	1100	1100	1100	1100	1100	1100	1100	1100	1100	1100	1100	1100	1100	1100	1100	1100	1100	1100	1100	1100	1100	1100	1100	1100	1100	1100	1100	1100	1100	1100	1100	1100	1100	1100	1100	1100	1100	1100	1100	1100	1100	1100	1100	1100	1100	1100	1100	1100	1100	1100	1100	1100	1100	1100	1100	1100	1100	1100	1100	1100	1100	1100	1100	1100	1100	1100	1100	1100	1100	1100	1100	1100	1100	1100	1100	1100	1100	1100	1100	1100	1100	1100	1100	1100	1100	1100	1100	1100	1100	1100	1100	1100	1100	1100	1100	1100	1100	1100		
MERS	inc	World, 2012 - now	https://en.wikipedia.org/wiki/2012_Middle_East_respiratory_syndrome_coronavirus_outbreak	2012-04-01	862	0	0	0	0	0	0	0	0	0	0	0	0	0	0	0	1	1	1	1	1	1	1	1	1	1	1	1	1	1	1	1	1	1	1	1	1	1	1	1	1	1	1	1	1	1	1	1	1	1	1	1	1	1	1	1	1	1	1	1	1	1	1	1	1	1	1	1	1	1	1	1	1	1	1	1	1	1	1	1	1	1	1	1	1	1	1	1	1	1	1	1	1	1	1	1	1	1	1	1	1	1	1	1	1	1	1	1	1	1	1	1	1	1	1	1	1	1	1	1	1	1	1	1	1	1	1	1	1	1	1	1	1	1	1	1	1	1	1	1	1	1	1	1	1	1	1	1	1	1	1	1	1	1	1	1	1	1	1	1	1	1	1	1	1	1	1	1	1	1	1	1	1	1	1	1	1	1	1	1	1	1	1	1	1	1	1	1	1	1	1	1	1	1	1	1	1	1	1	1	1	1	1	1	1	1	1	1	1	1	1	1	1	1	1	1	1	1	1	1	1	1	1	2	2	2	2	2	2	2	2	2	2	2	2	2	2	3	3	3	3	3	3	3	3	3	3	3	4	4	4	4	4	4	4	4	4	5	5	5	5	5	5	5	6	6	6	6	6	6	6	6	6	7	7	7	7	7	7	7	8	8	8	8	8	8	8	8	8	9	9	9	9	9	9	9	10	10	10	10	10	10	10	10	10	11	11	11	11	11	11	11	12	12	12	12	12	12	12	12	12	13	13	13	13	13	13	13	14	14	14	14	14	14	14	14	14	15	15	15	15	15	15	15	16	16	16	16	16	16	16	16	16	17	17	17	17	17	17	17	18	18	18	18	18	18	18	18	18	19	19	19	19	19	19	19	20	20	20	20	20	20	20	20	20	21	21	21	21	21	21	21	22	22	22	22	22	22	23	23	23	24	24	24	25	25	25	26	26	26	27	27	27	28	28	28	29	29	29	30	30	30	30	31	31	31	32	32	32	33	33	33	34	34	34	35	35	35	36	36	36	37	37	37	38	38	38	38	38	39	39	39	39	39	39	39	40	40	40	40	40	40	40	41	41	41	41	41	41	42	42	42	42	42	42	42	43	43	43	43	43	43	43	44	44	44	44	44	44	44	45	45	45	45	45	45	45	46	46	46	46	46	46	47	47	47	47	47	47	47	48	48	48	48	48	48	48	49	49	49	49	49	49	49	50	50	50	50	50	50	50	51	51	51	51	51	51	52	52	52	52	52	52	52	53	53	53	53	53	53	53	54	54	54	54	54	54	54	55	55	55	55	55	55	55	56	56	56	56	56	56	57	57	57	57	57	57	57	58	58	58	58	58	58	58	59	59	59	59	59	59	59	60	60	60	60	60	60	60	61	61	61	61	61	61	61	62	62	62	62	62	62	63	63	63	63	63	63	63	64	64	64	64	64	64	64	65	65	65	65	65	65	65	66	66	66	66	66	66	66	67	67	67	67	67	67	68	68	68	68	68	68	68	69	69	69	69	69	69	69	70	70	70	70	70	70	70	71	71	71	71	71	71	71	72	72	72	72	72	72	73	73	73	73	73	73	73	74	74	74	74	74	74	74	75	75	75	75	75	75	75	76	76	76	76	76	76	76	77	77	77	77	77	77	78	78	78	78	78	78	78	79	79	79	79	79	79	79	80	80	80		3	3	3	3	3	3	3	3	3	3	3	3	3	3	3	3	3	3	3	3	3	3	3	3	3	3	3	3	3	3	3	3	3	3	3	3	3	3	3	3	3	3	3	3	3	3	3	3	3	3	3	3	3	3	3	3	3	3	3	3	3	3	3	3	3	3	3	3	3		
Swine Flu	est	World, 2009-10	https://en.wikipedia.org/wiki/2009_flu_pandemic	2009-03-17	295446	0	0	0	0	0	0	0	0	0	0	0	0	0	0	0	0	0	0	0	0	0	0	0	0	0	0	0	1	1	2	2	3	3	4	4	4	5	5	6	6	7	7	9	15	25	39	57	79	106	136	170	208	251	297	347	401	460	522	589	659	734	812	895	955	967	1028	1040	1040	1070	1100	1112	1148	1173	1197	1261	1326	1390	1402	1414	1463	1511	1567	1624	1680	1692	1704	1729	1753	1827	1908	1994	2087	2185	2289	2400	2516	2638	2766	2900	3040	3186	3338	3496	3660	3830	4006	4188	4375	4569	4769	4974	5186	5409	5632	5854	6077	6300	6523	6745	6968	7191	7414	7637	7859	8082	8305	8528	8750	8973	9196	9419	9642	9864	10886	11907	12929	13950	14571	15191	15812	16432	17053	17674	18256	18837	19419	20001	20583	21165	21747	22214	22681	23147	23614	24080	24547	25014	25480	25947	26414	27540	28666	29791	30917	32043	33169	34295	34931	35566	36202	36837	37473	38108	38744	39229	39715	40200	40685	41170	41656	42141	42885	43629	44374	45118	45862	46607	47351	47681	48011	48341	48670	49000	49330	49660	50380	51100	51820	52541	53261	53981	54701	55064	55426	55789	56152	56514	56877	57240	57771	58303	58835	59367	59899	60431	61508	62586	63663	64740	65818	66895	67973	69050	69532	70014	70497	70979	71461	71943	72425	72908	73390	74091	74817	75569	76347	77150	77978	78832	79712	80617	81547	82503	83484	84491	85524	86582	87665	88774	89908	91068	92253	93464	94701	95962	97250	98563	99901	101265	102654	104069	105509	106975	108466	109983	111525	113093	114686	116305	117949	119618	121314	123034	124780	126552	128349	130172	132020	133894	135793	137717	139667	141643	143644	145671	147723	149899	152044	154159	156244	158300	160326	162324	164294	166236	168150	170037	171898	173732	175540	177323	179081	180813	182522	184206	185866	187502	189116	190707	192275	193821	195345	196848	198329	199790	201230	202649	204048	205428	206788	208129	209451	210754	212039	213305	214554	215785	216999	218195	219375	220537	221684	222814	223928	225027	226109	227177	228230	229267	230290	231299	232293	233273	234239	235192	236131	237057	237970	238870	239757	240631	241493	242344	243182	244008	244822	245625	246417	247197	247967	248725	249473	250210	250937	251653	252360	253056	253742	254419	255087	255744	256393	257032	257662	258284	258896	259500	260096	260683	261261	261832	262394	262949	263495	264034	264565	265089	265606	266115	266616	267111	267599	268080	268554	269021	269482	269936	270384	270825	271261	271690	272113	272530	272941	273346	273746	274140	274528	274911	275288	275660	276027	276389	276746	277097	277444	277785	278122	278454	278781	279104	279422	279736	280045	280350	280650	280947	281239	281527	281811	282091	282367	282639	282907	283171	283432	283689	283942	284192	284438	284681	284920	285156	285388	285618	285844	286067	286286	286503	286716	286927	287134	287339	287541	287739	287935	288129	288319	288507	288692	288875	289055	289232	289407	289580	289750	289917	290082	290245	290406	290564	290720	290874	291026	291175	291323	291468	291612	291753	291892	292029	292165	292298	292430	292559	292687	292813	292938	293060	293181	293300	293417	293533	293647	293760	293871	293980	294088	294194	294299	294402	294504	294604	294703	294801	294897	294992	295085	295177	295268	295358	295446	295446	295446	295446	295446	295446	295446	295446	295446	295446	295446	295446	295446	295446	295446	295446	295446	295446	295446	295446	295446	295446	295446	295446	295446	295446	295446	295446	295446	295446	295446	295446	295446	295446	295446	295446	295446	295446	295446	295446	295446	295446	295446	295446	295446	295446	295446	295446	295446	295446	295446	295446	295446	295446	295446	295446	295446	295446	295446	295446	295446	295446	295446	295446	295446	295446	295446	295446	295446	295446	295446	295446	295446	295446	295446	295446	295446	295446	295446	295446	295446	295446	295446	295446	295446	295446	295446	295446	295446	295446	295446	295446	295446	295446	295446	295446	295446	295446	295446	295446	295446	295446	295446	295446	295446	295446	295446	295446	295446	295446	295446	295446	295446	295446	295446	295446	295446	295446	295446	295446	295446	295446	295446	295446	295446	295446	295446	295446	295446	295446	295446	295446	295446	295446	295446	295446	295446	295446	295446	295446	295446	295446	295446	295446	295446	295446	295446	295446	295446	295446	295446	295446	295446	295446	295446	295446	295446	295446	295446	295446	295446	295446	295446	295446	295446	295446	295446	295446	295446	295446	295446	295446	295446	295446	295446	295446	295446	295446	295446	295446	295446	295446	295446	295446	295446	295446	295446	295446	295446	295446	295446	295446	295446	295446	295446	295446	295446	295446	295446	295446	295446	295446	295446	295446	295446	295446	295446	295446	295446	295446	295446	295446	295446	295446	295446	295446	295446	295446	295446	295446	295446	295446	295446	295446	295446	295446	295446	295446	295446	295446	295446	295446	295446	295446	295446	295446	295446	295446	295446	295446	295446	295446	295446	295446	295446	295446	295446	295446	295446	295446	295446	295446	295446	295446	295446	295446	295446	295446	295446	295446	295446	295446	295446	295446	295446	295446	295446	295446	295446	295446	295446	295446	295446	295446	295446	295446	295446	295446	295446	295446	295446	295446	295446	295446	295446	295446	295446	295446	295446		
Measles	est	DRC, 2011-14	https://en.wikipedia.org/wiki/List_of_epidemics#cite_note-152	2010-01-01	4500	0	4	7	11	15	19	22	26	30	34	37	41	45	48	52	56	60	63	67	71	75	78	82	86	89	93	97	101	104	108	112	115	119	123	127	130	134	138	142	145	149	153	156	160	164	168	171	175	179	183	186	190	194	197	201	205	209	212	216	220	224	227	231	235	238	242	246	250	253	257	261	264	268	272	276	279	283	287	291	294	298	302	305	309	313	317	320	324	328	332	335	339	343	346	350	354	358	361	365	369	373	376	380	384	387	391	395	399	402	406	410	413	417	421	425	428	432	436	440	443	447	451	454	458	462	466	469	473	477	481	484	488	492	495	499	503	507	510	514	518	522	525	529	533	536	540	544	548	551	555	559	562	566	570	574	577	581	585	589	592	596	600	603	607	611	615	618	622	626	630	633	637	641	644	648	652	656	659	663	667	671	674	678	682	685	689	693	697	700	704	708	711	715	719	723	726	730	734	738	741	745	749	752	756	760	764	767	771	775	779	782	786	790	793	797	801	805	808	812	816	820	823	827	831	834	838	842	846	849	853	857	860	864	868	872	875	879	883	887	890	894	898	901	905	909	913	916	920	924	928	931	935	939	942	946	950	954	957	961	965	969	972	976	980	983	987	991	995	998	1002	1006	1009	1013	1017	1021	1024	1028	1032	1036	1039	1043	1047	1050	1054	1058	1062	1065	1069	1073	1077	1080	1084	1088	1091	1095	1099	1103	1106	1110	1114	1118	1121	1125	1129	1132	1136	1140	1144	1147	1151	1155	1158	1162	1166	1170	1173	1177	1181	1185	1188	1192	1196	1199	1203	1207	1211	1214	1218	1222	1226	1229	1233	1237	1240	1244	1248	1252	1255	1259	1263	1267	1270	1274	1278	1281	1285	1289	1293	1296	1300	1304	1307	1311	1315	1319	1322	1326	1330	1334	1337	1341	1345	1348	1352	1356	1360	1363	1367	1371	1375	1378	1382	1386	1389	1393	1397	1401	1404	1408	1412	1416	1419	1423	1427	1430	1434	1438	1442	1445	1449	1453	1456	1460	1464	1468	1471	1475	1479	1483	1486	1490	1494	1497	1501	1505	1509	1512	1516	1520	1524	1527	1531	1535	1538	1542	1546	1550	1553	1557	1561	1565	1568	1572	1576	1579	1583	1587	1591	1594	1598	1602	1605	1609	1613	1617	1620	1624	1628	1632	1635	1639	1643	1646	1650	1654	1658	1661	1665	1669	1673	1676	1680	1683	1685	1688	1691	1693	1696	1699	1701	1704	1707	1709	1712	1715	1717	1720	1723	1725	1728	1731	1733	1736	1739	1741	1744	1747	1749	1752	1755	1757	1760	1763	1765	1768	1771	1773	1776	1779	1781	1784	1787	1789	1792	1795	1797	1800	1802	1805	1808	1810	1813	1816	1818	1821	1824	1826	1829	1832	1834	1837	1840	1842	1845	1848	1850	1853	1856	1858	1861	1864	1866	1869	1872	1874	1877	1880	1882	1885	1888	1890	1893	1896	1898	1901	1904	1906	1909	1912	1914	1917	1920	1922	1925	1928	1930	1933	1936	1938	1941	1944	1946	1949	1952	1954	1957	1960	1962	1965	1968	1970	1973	1976	1978	1981	1984	1986	1989	1992	1994	1997	2000	2002	2005	2008	2010	2013	2016	2018	2021	2024	2026	2029	2032	2034	2037	2039	2042	2045	2047	2050	2053	2055	2058	2061	2063	2066	2069	2071	2074	2077	2079	2082	2085	2087	2090	2093	2095	2098	2101	2103	2106	2109	2111	2114	2117	2119	2122	2125	2127	2130	2133	2135	2138	2141	2143	2146	2149	2151	2154	2157	2159	2162	2165	2167	2170	2173	2175	2178	2181	2183	2186	2189	2191	2194	2197	2199	2202	2205	2207	2210	2213	2215	2218	2221	2223	2226	2229	2231	2234	2237	2239	2242	2245	2247	2250	2253	2255	2258	2261	2263	2266	2268	2271	2274	2276	2279	2282	2284	2287	2290	2292	2295	2298	2300	2303	2306	2308	2311	2314	2316	2319	2322	2324	2327	2330	2332	2335	2338	2340	2343	2346	2348	2351	2354	2356	2359	2362	2364	2367	2370	2372	2375	2378	2380	2383	2386	2388	2391	2394	2396	2399	2402	2404	2407	2410	2412	2415	2418	2420	2423	2426	2428	2431	2434	2436	2439	2442	2444	2447	2450	2452	2455	2458	2460	2463	2466	2468	2471	2474	2476	2479	2482	2484	2487	2490	2492	2495	2498	2500	2503	2505	2508	2511	2513	2516	2519	2521	2524	2527	2529	2532	2535	2537	2540	2543	2545	2548	2551	2553	2556	2559	2561	2564	2567	2569	2572	2575	2577	2580	2583	2585	2588	2591	2593	2596	2599	2601	2604	2607		
Influenza	est	World, annual	https://www.who.int/mediacentre/news/statements/2017/flu/en/	n/a	434166	595	1190	1785	2380	2976	3573	4171	4770	5371	5973	6576	7181	7789	8398	9010	9625	10242	10862	11485	12111	12741	13374	14011	14652	15297	15946	16599	17257	17919	18587	19259	19936	20619	21307	22001	22700	23406	24117	24835	25559	26289	27026	27769	28520	29277	30041	30813	31592	32379	33173	33974	34784	35602	36427	37261	38103	38953	39812	40679	41555	42440	43334	44236	45148	46068	46998	47937	48886	49843	50811	51787	52774	53770	54775	55791	56816	57851	58896	59951	61016	62091	63177	64272	65377	66492	67618	68754	69900	71056	72223	73399	74586	75783	76991	78209	79436	80674	81923	83181	84450	85729	87017	88316	89625	90944	92273	93612	94961	96320	97688	99066	100454	101851	103258	104675	106101	107536	108981	110434	111897	113369	114850	116340	117839	119346	120862	122386	123919	125460	127010	128567	130133	131706	133287	134876	136472	138076	139687	141305	142930	144562	146201	147846	149498	151156	152821	154492	156168	157851	159539	161232	162931	164635	166345	168059	169778	171501	173229	174961	176697	178437	180181	181929	183680	185434	187192	188952	190715	192481	194249	196020	197793	199567	201344	203121	204901	206681	208463	210245	212028	213812	215596	217380	219165	220949	222732	224515	226298	228080	229860	231639	233417	235194	236968	238741	240511	242280	244045	245809	247569	249326	251081	252832	254579	256323	258064	259800	261532	263260	264983	266702	268416	270125	271829	273528	275222	276910	278592	280269	281940	283604	285263	286915	288560	290199	291831	293456	295074	296685	298289	299885	301474	303055	304628	306194	307751	309300	310842	312374	313899	315415	316922	318421	319910	321391	322863	324326	325780	327225	328660	330086	331502	332909	334307	335695	337073	338441	339800	341149	342488	343816	345135	346444	347743	349032	350311	351580	352838	354086	355324	356552	357770	358977	360174	361361	362538	363705	364861	366007	367143	368268	369384	370489	371584	372669	373744	374809	375864	376909	377945	378970	379985	380991	381987	382973	383950	384917	385875	386824	387763	388692	389613	390525	391427	392321	393205	394081	394949	395808	396658	397500	398334	399159	399977	400786	401588	402382	403169	403948	404719	405484	406241	406992	407735	408472	409202	409926	410644	411355	412060	412760	413453	414142	414824	415502	416174	416841	417504	418162	418815	419464	420109	420750	421387	422020	422649	423276	423899	424519	425136	425750	426362	426972	427579	428185	428788	429390	429990	430589	431187	431784	432381	432976	433571	434166	434761	434166																																																																																																																																																																																																																																																																																																																																																																																																																																																			
